Team,Full Name,Position,GP,GS,MIN,PTS,OR,DR,REB,AST,STL,BLK,TO,PF,AST/TO,FGM,FGA,FG%,3PM,3PA,3P%,FTM,FTA,FT%,2PM,2PA,2P%,SC-EFF,SH-EFF
ATL,Trae Young,PG,76,76,36.0,24.2,0.5,2.6,3.1,11.6,1.2,0.2,4.7,1.9,2.5,7.4,18.1,41.1,2.9,8.4,34.0,6.5,7.4,87.5,4.6,9.7,47.4,1.338,0.49
ATL,De'Andre Hunter,SF,37,4,28.8,19.0,0.7,3.2,3.9,1.5,0.8,0.1,1.6,2.4,1.0,6.1,13.3,46.1,2.6,6.7,39.3,4.1,4.8,85.8,3.5,6.6,53.1,1.427,0.56
ATL,Jalen Johnson,SF,36,36,35.7,18.9,1.7,8.3,10.0,5.0,1.6,1.0,2.9,1.9,1.7,7.5,15.1,50.0,1.2,3.9,31.2,2.6,3.5,74.6,6.3,11.1,56.6,1.255,0.54
ATL,Jacob Toppin,F,1,0,27.0,17.0,1.0,3.0,4.0,2.0,0.0,0.0,1.0,0.0,2.0,6.0,12.0,50.0,5.0,8.0,62.5,0.0,0.0,0.0,1.0,4.0,25.0,1.417,0.71
ATL,Caris LeVert,SG,26,0,26.6,14.9,0.7,3.0,3.7,2.9,0.9,0.5,1.0,2.0,3.0,5.6,11.6,48.2,1.8,5.2,33.8,2.0,2.8,72.2,3.8,6.3,60.0,1.289,0.56
ATL,Dyson Daniels,G,76,76,33.8,14.1,1.6,4.3,5.9,4.4,3.0,0.7,2.0,2.3,2.1,6.0,12.1,49.3,1.1,3.1,34.0,1.1,1.8,59.3,4.9,9.1,54.5,1.163,0.54
ATL,Onyeka Okongwu,PF,74,40,27.9,13.4,3.0,5.9,8.9,2.3,0.9,0.9,1.2,2.6,1.9,5.2,9.2,56.7,0.6,2.0,32.4,2.2,2.9,75.9,4.6,7.2,63.4,1.444,0.60
ATL,Zaccharie Risacher,PF,75,73,24.6,12.6,1.1,2.4,3.6,1.2,0.7,0.5,1.2,2.0,1.0,4.8,10.4,45.8,1.6,4.6,35.5,1.4,2.0,71.1,3.1,5.8,54.0,1.209,0.54
ATL,Georges Niang,SF,28,2,23.0,12.1,0.5,2.5,3.0,1.6,0.4,0.3,1.2,2.6,1.3,4.3,9.7,44.1,2.7,6.6,41.3,0.8,1.0,79.3,1.6,3.1,50.0,1.246,0.58
ATL,Bogdan Bogdanovic,SG,24,0,24.9,10.0,0.5,2.3,2.8,2.0,0.8,0.3,1.5,2.4,1.3,3.5,9.3,37.1,1.8,6.1,30.1,1.3,1.4,88.2,1.6,3.3,50.0,1.071,0.47
ATL,Terance Mann,SG,30,1,22.7,9.8,1.2,1.9,3.1,2.1,0.6,0.1,0.7,2.0,2.8,3.9,7.3,54.1,1.1,2.9,38.6,0.8,1.2,66.7,2.8,4.3,64.6,1.349,0.62
ATL,Clint Capela,C,55,41,21.4,8.9,3.2,5.4,8.5,1.1,0.6,1.0,0.9,1.9,1.3,4.0,7.1,55.9,0.0,0.0,0.0,0.9,1.8,53.6,4.0,7.1,56.0,1.251,0.56
ATL,Larry Nance Jr.,PF,24,3,19.3,8.5,1.0,3.3,4.3,1.6,0.8,0.5,0.7,1.5,2.4,3.3,6.5,51.6,1.4,3.2,44.7,0.4,0.5,69.2,1.9,3.3,58.2,1.310,0.63
ATL,Garrison Mathews,SG,47,2,17.7,7.5,0.3,1.6,1.9,1.3,0.6,0.3,0.7,1.7,1.9,2.2,5.5,39.7,1.8,4.6,39.0,1.4,1.7,82.1,0.4,0.8,43.6,1.374,0.56
ATL,Vit Krejci,G,57,16,20.2,7.2,0.4,2.4,2.7,2.6,0.6,0.5,0.9,1.8,2.9,2.5,5.1,49.7,1.6,3.6,43.7,0.6,0.8,71.1,1.0,1.5,64.0,1.411,0.65
ATL,Daeqwon Plowden,G,6,0,12.0,7.2,0.7,1.2,1.8,0.3,0.0,0.0,0.7,1.7,0.5,2.7,4.2,64.0,1.5,2.8,52.9,0.3,0.3,100.0,1.2,1.3,87.5,1.720,0.82
ATL,Mouhamed Gueye,F,33,28,16.2,6.0,1.3,2.9,4.2,0.8,0.8,1.0,0.5,1.7,1.8,2.2,5.2,42.1,0.6,2.5,25.9,1.0,1.3,76.2,1.5,2.7,56.7,1.152,0.48
ATL,Keaton Wallace,G,31,5,16.2,5.4,0.2,1.4,1.6,2.6,0.9,0.3,1.1,1.3,2.5,2.1,5.2,40.1,0.9,2.6,32.9,0.4,0.4,100.0,1.2,2.6,47.5,1.037,0.48
ATL,Kobe Bufkin,G,10,0,12.4,5.3,0.5,1.6,2.1,1.7,0.3,0.2,0.8,0.9,2.1,1.8,4.7,38.3,0.4,1.9,21.1,1.3,1.8,72.2,1.4,2.8,50.0,1.128,0.43
ATL,David Roddy,F,27,3,12.8,4.5,0.4,2.2,2.6,1.1,0.4,0.3,0.7,0.7,1.5,1.6,3.4,47.3,0.6,1.6,37.2,0.7,0.8,81.8,1.0,1.9,56.0,1.312,0.56
ATL,Dominick Barlow,F,35,4,10.7,4.2,1.0,1.4,2.4,0.5,0.3,0.5,0.1,1.3,3.8,1.7,3.2,53.1,0.2,0.8,25.9,0.6,0.9,63.6,1.5,2.5,61.6,1.310,0.56
BOS,Jayson Tatum,SF,72,72,36.4,26.8,0.7,8.0,8.7,6.0,1.1,0.5,2.9,2.2,2.1,9.2,20.3,45.2,3.5,10.1,34.3,5.0,6.1,81.4,5.7,10.2,55.9,1.319,0.54
BOS,Jaylen Brown,SG,63,63,34.3,22.2,1.3,4.5,5.8,4.5,1.2,0.3,2.6,2.4,1.8,8.2,17.7,46.3,1.8,5.7,32.4,3.9,5.1,76.4,6.4,12.1,52.9,1.250,0.52
BOS,Kristaps Porzingis,C,42,42,28.8,19.5,1.6,5.1,6.8,2.1,0.7,1.5,1.3,2.8,1.6,6.6,13.7,48.3,2.5,6.0,41.2,3.8,4.7,80.9,4.1,7.7,53.7,1.425,0.57
BOS,Derrick White,PG,76,76,33.9,16.4,0.9,3.6,4.5,4.8,0.9,1.1,1.7,1.8,2.8,5.6,12.6,44.2,3.5,9.1,38.3,1.8,2.1,83.9,2.1,3.5,59.3,1.301,0.58
BOS,Payton Pritchard,PG,80,3,28.4,14.3,1.3,2.6,3.8,3.5,0.9,0.2,1.0,1.5,3.4,5.1,10.8,47.2,3.2,7.8,40.7,0.9,1.1,84.5,1.9,3.0,64.2,1.321,0.62
BOS,Jrue Holiday,PG,62,62,30.6,11.1,1.2,3.0,4.3,3.9,1.1,0.4,1.2,1.6,3.1,4.1,9.2,44.3,1.7,4.9,35.3,1.1,1.2,90.9,2.4,4.3,54.7,1.197,0.54
BOS,Al Horford,C,60,42,27.7,9.0,1.3,4.8,6.2,2.1,0.6,0.9,0.8,1.4,2.8,3.3,7.7,42.3,1.9,5.2,36.3,0.6,0.6,89.5,1.4,2.5,55.1,1.167,0.55
BOS,Sam Hauser,SF,71,19,21.7,8.5,0.6,2.5,3.2,0.9,0.6,0.2,0.3,1.2,2.8,3.0,6.7,45.1,2.3,5.6,41.6,0.2,0.2,100.0,0.7,1.1,64.0,1.276,0.63
BOS,Luke Kornet,C,73,16,18.6,6.0,2.6,2.7,5.3,1.6,0.5,1.0,0.4,1.6,3.8,2.6,3.8,66.8,0.0,0.0,0.0,0.9,1.3,69.1,2.6,3.8,67.5,1.575,0.67
BOS,Neemias Queta,C,62,6,13.9,5.0,1.4,2.4,3.8,0.7,0.3,0.7,0.6,1.7,1.1,2.1,3.3,65.0,0.0,0.0,0.0,0.7,1.0,75.4,2.1,3.2,66.0,1.527,0.65
BOS,Baylor Scheierman,F,31,2,12.4,3.6,0.6,1.5,2.1,1.1,0.5,0.1,0.4,0.7,2.8,1.3,3.5,35.5,0.8,2.6,31.7,0.3,0.4,75.0,0.4,0.9,46.4,1.027,0.47
BOS,Torrey Craig,SF,17,3,11.8,2.7,1.1,1.7,2.8,0.7,0.4,0.6,0.5,1.1,1.5,0.9,2.6,35.6,0.5,1.8,29.0,0.3,0.5,62.5,0.4,0.8,50.0,1.022,0.46
BOS,Miles Norris,F,3,0,11.7,2.3,0.7,2.3,3.0,0.0,0.7,0.3,0.0,0.0,0.0,0.7,3.0,22.2,0.7,2.3,28.6,0.3,0.7,50.0,0.0,0.7,0.0,0.778,0.33
BOS,Drew Peterson,F,25,1,7.4,2.2,0.4,1.2,1.6,0.5,0.2,0.1,0.3,0.7,1.6,0.7,1.6,41.5,0.5,1.3,39.4,0.3,0.4,77.8,0.2,0.3,50.0,1.317,0.57
BOS,JD Davison,SG,16,0,5.8,2.1,0.1,0.7,0.8,0.8,0.3,0.1,0.8,0.1,1.0,0.8,2.1,35.3,0.3,1.1,22.2,0.3,0.4,71.4,0.5,1.0,50.0,0.971,0.41
BOS,Jaden Springer,G,26,0,5.4,1.7,0.2,0.8,0.9,0.4,0.5,0.0,0.2,0.7,2.5,0.5,1.3,35.3,0.2,0.7,31.6,0.6,0.8,71.4,0.2,0.6,40.0,1.324,0.44
BOS,Jordan Walsh,G,52,1,7.8,1.6,0.4,0.9,1.3,0.4,0.2,0.2,0.3,0.6,1.1,0.6,1.6,36.1,0.3,1.1,27.3,0.1,0.2,58.3,0.3,0.5,53.6,0.988,0.45
BOS,Xavier Tillman,F,33,2,7.0,1.0,0.3,1.0,1.3,0.2,0.3,0.2,0.4,0.5,0.5,0.4,1.6,24.5,0.2,1.0,15.6,0.1,0.1,75.0,0.2,0.6,38.1,0.642,0.29
BKN,Cam Thomas,SG,25,23,31.2,24.0,0.6,2.7,3.3,3.8,0.6,0.1,2.5,1.8,1.5,8.0,18.2,43.8,2.7,7.8,34.9,5.3,6.0,88.1,5.2,10.4,50.6,1.319,0.51
BKN,Cameron Johnson,SF,57,57,31.6,18.8,0.9,3.4,4.3,3.4,0.9,0.4,1.7,1.8,2.0,6.2,13.1,47.5,2.8,7.2,39.0,3.5,3.9,89.3,3.4,5.9,57.8,1.432,0.58
BKN,Dennis Schroder,PG,23,23,33.6,18.4,0.2,2.8,3.0,6.6,1.1,0.2,2.6,2.4,2.6,6.4,14.1,45.2,2.5,6.5,38.7,3.1,3.5,88.9,3.9,7.6,50.9,1.305,0.54
BKN,D'Angelo Russell,G,29,26,24.7,12.9,0.4,2.4,2.8,5.6,1.1,0.7,2.0,2.1,2.8,4.1,11.3,36.7,2.0,6.6,29.7,2.6,3.2,82.6,2.2,4.7,46.7,1.141,0.45
BKN,Drew Timme,F,9,2,28.2,12.1,1.9,5.3,7.2,2.2,0.4,0.1,1.7,2.3,1.3,5.0,11.3,44.1,1.0,3.9,25.7,1.1,1.8,62.5,4.0,7.4,53.7,1.069,0.49
BKN,Keon Johnson,G,79,56,24.4,10.6,0.8,3.0,3.8,2.2,1.0,0.4,1.5,2.6,1.5,3.8,9.9,38.9,1.6,5.1,31.4,1.4,1.8,77.0,2.2,4.8,46.8,1.077,0.47
BKN,Dorian Finney-Smith,PF,20,20,29.0,10.4,1.6,3.0,4.6,1.6,0.9,0.6,0.9,2.7,1.7,3.7,8.0,45.9,2.4,5.4,43.5,0.8,1.2,62.5,1.3,2.6,51.0,1.308,0.61
BKN,Nic Claxton,C,70,62,26.9,10.3,2.2,5.1,7.4,2.2,0.9,1.4,1.2,2.1,1.8,4.6,8.1,56.3,0.1,0.3,23.8,1.1,2.2,51.3,4.5,7.8,57.6,1.275,0.57
BKN,Trendon Watford,PF,44,6,20.8,10.2,0.8,2.8,3.6,2.6,0.6,0.3,1.9,2.2,1.4,3.7,8.0,46.9,0.7,2.0,33.0,2.1,2.8,76.2,3.1,6.0,51.5,1.286,0.51
BKN,Ziaire Williams,F,63,45,24.5,10.0,1.0,3.6,4.6,1.3,1.0,0.4,1.1,2.4,1.3,3.4,8.3,41.2,1.6,4.8,34.1,1.6,2.0,82.1,1.8,3.5,50.9,1.215,0.51
BKN,Tosan Evbuomwan,F,28,0,23.8,9.5,1.1,3.1,4.3,2.0,0.9,0.4,1.4,2.0,1.4,3.4,7.9,42.7,0.9,2.8,31.2,2.0,2.6,75.3,2.5,5.1,49.0,1.214,0.48
BKN,Jalen Wilson,F,79,22,25.7,9.5,0.9,2.5,3.4,1.8,0.5,0.1,1.0,2.1,1.8,3.1,7.8,39.7,1.5,4.6,33.7,1.7,2.1,81.8,1.6,3.3,48.1,1.208,0.50
BKN,Noah Clowney,F,46,20,22.7,9.1,0.9,3.0,3.9,0.9,0.5,0.5,1.0,2.3,0.9,2.9,8.1,35.8,1.9,5.7,33.3,1.5,1.7,83.8,1.0,2.4,41.4,1.129,0.47
BKN,Killian Hayes,G,6,5,27.0,9.0,0.8,2.2,3.0,5.2,0.7,0.7,1.5,2.2,3.4,3.0,7.2,41.9,1.3,3.5,38.1,1.7,2.0,83.3,1.7,3.7,45.5,1.256,0.51
BKN,Tyrese Martin,G,60,11,21.9,8.7,1.0,2.7,3.7,2.0,0.6,0.2,1.2,1.3,1.6,3.2,7.8,40.6,1.7,4.7,35.1,0.8,1.0,79.3,1.5,3.1,49.2,1.125,0.51
BKN,Day'Ron Sharpe,C,50,2,18.1,7.9,3.0,3.6,6.6,1.8,0.8,0.8,1.3,2.3,1.4,3.3,6.3,52.0,0.2,0.9,24.4,1.1,1.5,75.7,3.1,5.4,56.6,1.252,0.54
BKN,Tyson Etienne,G,7,0,21.6,7.9,0.4,0.9,1.3,1.7,0.4,0.1,1.1,2.4,1.5,2.4,7.4,32.7,1.9,6.3,29.5,1.1,1.4,80.0,0.6,1.1,50.0,1.058,0.45
BKN,Shake Milton,SG,27,1,18.2,7.4,0.6,1.3,1.9,2.4,0.6,0.0,0.7,1.6,3.2,2.7,5.8,46.5,1.0,2.7,38.9,0.9,1.2,75.8,1.7,3.1,52.9,1.268,0.55
BKN,Ben Simmons,PG,33,24,25.0,6.2,0.9,4.3,5.2,6.9,0.8,0.5,2.7,2.5,2.6,2.8,5.2,54.7,0.0,0.0,0.0,0.5,0.8,69.2,2.8,5.2,54.7,1.200,0.55
BKN,Dariq Whitehead,F,20,0,12.3,5.7,0.2,1.3,1.5,0.6,0.3,0.1,0.8,1.1,0.8,2.0,4.8,40.6,1.7,3.7,44.6,0.2,0.3,60.0,0.3,1.1,27.3,1.188,0.58
BKN,Maxwell Lewis,F,21,1,14.2,5.3,0.8,1.8,2.5,0.8,0.4,0.3,0.6,1.3,1.4,2.0,4.9,42.2,0.9,2.4,38.0,0.3,0.5,70.0,1.1,2.5,46.2,1.098,0.51
BKN,Reece Beekman,G,34,4,13.7,2.7,0.4,0.8,1.1,1.8,0.9,0.1,0.6,1.0,3.0,1.0,3.1,32.1,0.2,1.2,17.5,0.5,0.6,76.2,0.8,1.9,40.9,0.858,0.35
BKN,Jaylen Martin,G,3,0,1.7,1.0,0.0,0.0,0.0,0.0,0.0,0.0,0.0,0.3,0.0,0.3,0.7,50.0,0.3,0.3,100.0,0.0,0.0,0.0,0.0,0.3,0.0,1.500,0.75
BKN,Yongxi Cui,G,5,0,2.0,0.6,0.0,0.4,0.4,0.0,0.0,0.0,0.0,0.0,0.0,0.2,1.4,14.3,0.0,0.6,0.0,0.2,0.4,50.0,0.2,0.8,25.0,0.429,0.14
CHA,LaMelo Ball,PG,47,47,32.0,25.2,1.0,3.9,4.9,7.4,1.1,0.3,3.6,3.3,2.1,8.6,21.3,40.5,3.8,11.2,33.9,4.1,4.9,84.3,4.8,10.1,47.8,1.180,0.49
CHA,Brandon Miller,F,27,27,34.2,21.0,0.9,3.9,4.9,3.6,1.1,0.7,2.8,2.7,1.3,7.3,18.2,40.3,3.9,10.9,35.5,2.5,2.9,86.1,3.5,7.3,47.5,1.157,0.51
CHA,Miles Bridges,SF,64,64,31.7,20.3,1.1,6.4,7.5,3.9,0.7,0.7,2.1,1.5,1.8,7.3,17.0,43.1,2.2,7.0,31.3,3.5,4.0,87.0,5.1,10.0,51.3,1.194,0.50
CHA,Mark Williams,C,44,41,26.6,15.3,3.0,7.2,10.2,2.5,0.7,1.2,1.6,2.4,1.5,6.1,10.2,60.4,0.0,0.1,0.0,3.0,3.7,80.4,6.1,10.1,60.9,1.501,0.60
CHA,Tre Mann,PG,13,0,24.5,14.1,0.9,2.0,2.9,3.0,0.5,0.3,1.9,1.8,1.6,5.4,12.4,43.5,1.8,4.6,40.0,1.5,1.6,90.5,3.5,7.8,45.5,1.137,0.51
CHA,Grant Williams,PF,16,7,29.9,10.4,1.1,4.0,5.1,2.3,1.1,0.8,1.8,2.9,1.3,3.4,7.7,43.9,1.7,4.6,36.5,1.9,2.3,83.8,1.7,3.1,55.1,1.350,0.55
CHA,Nick Smith Jr.,G,60,27,22.8,9.9,0.2,1.9,2.1,2.4,0.3,0.1,1.4,1.3,1.8,3.7,9.5,39.1,1.7,5.1,34.0,0.7,0.8,93.5,2.0,4.4,45.0,1.040,0.48
CHA,Jusuf Nurkic,C,26,9,18.1,9.2,1.5,5.0,6.5,2.6,0.7,0.7,1.5,2.0,1.7,3.6,7.3,49.7,0.5,1.8,28.3,1.4,2.3,62.7,3.1,5.5,56.6,1.259,0.53
CHA,Nick Richards,C,21,9,21.0,8.9,2.4,5.1,7.5,1.3,0.3,1.2,1.6,2.3,0.8,3.0,5.4,56.1,0.0,0.0,0.0,2.8,4.1,67.8,3.0,5.4,56.6,1.640,0.56
CHA,Josh Okogie,SF,15,6,18.3,8.9,0.9,1.9,2.7,1.3,1.8,0.5,1.0,1.3,1.3,2.5,6.5,38.8,1.1,3.3,32.0,2.7,3.5,77.4,1.5,3.2,45.8,1.357,0.47
CHA,Cody Martin,SF,39,8,24.8,7.8,1.0,3.5,4.5,2.3,1.1,0.7,1.1,1.8,2.1,3.0,6.9,43.3,1.0,3.2,32.3,0.9,1.3,69.4,1.9,3.7,52.8,1.142,0.51
CHA,KJ Simpson,G,36,15,23.4,7.8,1.1,1.9,3.0,3.1,0.9,0.2,1.6,1.6,2.0,2.9,8.4,34.6,0.9,3.6,25.4,1.1,1.4,82.0,2.0,4.8,41.5,0.937,0.40
CHA,Vasilije Micic,G,36,16,21.2,7.5,0.6,1.9,2.4,3.5,0.4,0.0,2.1,1.2,1.7,2.6,7.6,34.8,1.3,3.5,36.0,0.9,1.1,82.9,1.4,4.1,33.8,0.985,0.43
CHA,Josh Green,SG,68,67,27.8,7.4,0.8,1.7,2.5,1.6,1.1,0.2,1.0,2.4,1.5,2.6,6.2,42.8,1.4,3.6,39.1,0.7,1.1,68.1,1.2,2.5,48.0,1.202,0.54
CHA,Damion Baugh,SG,15,2,24.7,7.3,0.9,2.4,3.3,3.7,1.0,0.1,2.1,1.5,1.8,2.8,8.7,32.3,0.8,3.7,21.4,0.9,1.0,86.7,2.0,4.9,40.5,0.838,0.37
CHA,Marcus Garrett,G,4,0,19.8,7.0,0.3,1.3,1.5,3.3,0.8,0.5,1.5,2.5,2.2,2.8,6.8,40.7,0.8,2.0,37.5,0.8,1.0,75.0,2.0,4.8,42.1,1.037,0.46
CHA,Jaylen Sims,G,6,0,18.7,7.0,0.5,0.5,1.0,2.0,0.5,0.2,1.3,1.7,1.5,2.0,4.7,42.9,1.0,2.5,40.0,2.0,2.5,80.0,1.0,2.2,46.2,1.500,0.54
CHA,DaQuan Jeffries,SG,47,20,22.8,6.7,0.8,2.1,2.9,1.1,0.6,0.5,0.7,2.1,1.5,2.5,6.2,40.5,1.2,3.5,33.5,0.5,0.6,80.0,1.3,2.7,49.6,1.082,0.50
CHA,Seth Curry,SG,68,14,15.6,6.5,0.4,1.3,1.7,0.9,0.4,0.1,0.5,0.9,1.9,2.4,5.0,47.8,1.2,2.7,45.6,0.5,0.6,84.6,1.2,2.4,50.3,1.294,0.60
CHA,Isaiah Wong,G,20,0,13.3,6.0,0.7,0.9,1.6,1.4,0.6,0.0,0.9,1.1,1.6,2.1,5.3,39.0,0.7,1.7,39.4,1.3,1.7,73.5,1.4,3.6,38.9,1.143,0.45
CHA,Tidjane Salaun,F,60,10,20.7,5.9,1.2,3.5,4.7,1.2,0.5,0.2,1.0,1.4,1.3,1.9,5.8,33.0,1.0,3.4,28.3,1.1,1.6,71.3,0.9,2.3,40.0,1.023,0.41
CHA,Moussa Diabate,F,71,8,17.5,5.7,2.6,3.5,6.2,0.8,0.6,0.6,0.9,1.5,0.9,2.4,3.9,59.6,0.0,0.1,0.0,1.0,1.6,59.5,2.4,3.9,60.9,1.439,0.60
CHA,Wendell Moore Jr.,G,16,0,17.5,5.4,1.2,2.0,3.2,1.2,0.6,0.1,1.1,1.0,1.1,2.3,4.8,47.4,0.6,1.7,37.0,0.3,0.5,62.5,1.6,3.1,53.1,1.145,0.54
CHA,Malachi Flynn,PG,4,0,11.0,4.0,0.8,1.0,1.8,1.8,0.8,0.0,1.0,1.0,1.8,1.3,3.3,38.5,0.3,1.0,25.0,1.3,1.5,83.3,1.0,2.3,44.4,1.231,0.42
CHA,Taj Gibson,F,37,11,11.1,2.9,1.4,1.9,3.2,0.6,0.2,0.5,0.7,1.5,0.8,1.3,2.6,49.5,0.0,0.1,50.0,0.3,0.5,60.0,1.2,2.5,49.5,1.126,0.50
CHA,Elfrid Payton,G,6,2,20.5,1.0,0.2,2.0,2.2,3.3,1.0,0.5,1.2,2.0,2.9,0.5,3.5,14.3,0.0,0.0,0.0,0.0,0.0,0.0,0.5,3.5,14.3,0.286,0.14
CHA,Jared Rhoden,G,4,0,3.0,1.0,0.5,0.5,1.0,0.5,0.3,0.0,0.3,0.3,2.0,0.5,2.0,25.0,0.0,0.5,0.0,0.0,0.0,0.0,0.5,1.5,33.3,0.500,0.25
CHI,Zach LaVine,SG,42,42,34.1,24.0,0.3,4.5,4.8,4.5,0.9,0.2,2.9,1.5,1.6,8.6,16.9,51.1,3.2,7.3,44.6,3.5,4.3,79.7,5.4,9.6,56.0,1.418,0.61
CHI,Coby White,PG,74,73,33.1,20.4,0.3,3.4,3.7,4.5,0.9,0.2,2.4,2.1,1.9,6.9,15.1,45.3,2.9,7.9,37.0,3.7,4.1,90.2,3.9,7.3,54.4,1.346,0.55
CHI,Nikola Vucevic,C,73,72,31.2,18.5,2.4,7.6,10.1,3.5,0.8,0.7,1.6,2.2,2.2,7.5,14.2,53.0,1.8,4.4,40.2,1.6,2.0,80.5,5.8,9.8,58.7,1.300,0.59
CHI,Josh Giddey,SG,70,69,30.2,14.6,1.8,6.3,8.1,7.2,1.2,0.6,2.9,1.7,2.5,5.3,11.4,46.5,1.5,4.0,37.8,2.5,3.2,78.1,3.8,7.4,51.2,1.281,0.53
CHI,Kevin Huerter,SG,26,16,30.0,13.2,0.4,2.8,3.3,3.2,1.2,0.3,1.2,2.0,2.7,5.0,11.3,43.9,2.7,7.2,37.6,0.6,0.8,71.4,2.3,4.2,54.6,1.167,0.56
CHI,Ayo Dosunmu,SG,46,26,30.3,12.3,0.6,2.9,3.5,4.5,0.9,0.4,1.5,2.3,3.0,4.8,9.8,49.2,1.3,4.1,32.8,1.3,1.7,78.5,3.5,5.7,61.2,1.261,0.56
CHI,Tre Jones,PG,18,9,25.3,11.5,0.9,2.3,3.2,4.9,1.1,0.3,0.8,1.2,6.3,4.6,8.1,57.2,0.6,1.2,50.0,1.7,1.9,88.2,4.0,6.8,58.5,1.428,0.61
CHI,Patrick Williams,PF,63,36,25.0,9.0,0.7,3.1,3.8,2.0,0.8,0.5,1.4,1.4,1.4,3.3,8.2,39.7,1.5,4.3,35.3,1.0,1.3,72.3,1.7,3.9,44.7,1.097,0.49
CHI,Matas Buzelis,F,80,31,18.9,8.6,0.7,2.8,3.5,1.0,0.4,0.9,0.9,1.6,1.1,3.2,6.9,45.4,1.2,3.3,36.1,1.1,1.4,81.5,2.0,3.6,54.0,1.240,0.54
CHI,Zach Collins,PF,28,8,19.7,8.6,2.3,4.4,6.7,2.1,0.5,0.5,1.3,2.2,1.6,3.3,6.1,54.1,0.6,2.1,30.0,1.4,1.5,88.4,2.6,3.9,67.3,1.412,0.59
CHI,Jalen Smith,PF,64,2,15.0,8.2,1.4,4.2,5.6,1.0,0.3,0.7,0.6,1.5,1.8,3.0,6.4,46.6,1.1,3.5,32.4,1.1,1.4,80.9,1.8,2.9,63.4,1.284,0.55
CHI,Lonzo Ball,PG,35,14,22.2,7.6,0.7,2.7,3.4,3.3,1.3,0.5,1.2,1.6,2.8,2.5,6.9,36.6,1.9,5.6,34.4,0.6,0.8,81.5,0.6,1.4,45.8,1.099,0.50
CHI,Torrey Craig,SF,9,1,12.6,6.9,0.9,1.9,2.8,0.6,0.2,0.1,0.0,1.7,0.0,2.4,5.0,48.9,1.7,3.9,42.9,0.3,0.4,75.0,0.8,1.1,70.0,1.378,0.66
CHI,Talen Horton-Tucker,SF,58,0,12.5,6.5,0.3,1.4,1.7,1.4,0.4,0.2,0.7,1.0,2.1,2.3,5.0,45.7,0.7,2.1,33.6,1.2,1.7,73.5,1.6,2.9,54.4,1.302,0.53
CHI,Julian Phillips,F,79,5,14.2,4.6,0.8,1.3,2.1,0.5,0.5,0.3,0.3,1.4,1.4,1.6,3.6,44.6,0.6,1.9,32.7,0.8,1.0,78.9,1.0,1.7,58.2,1.275,0.53
CHI,Dalen Terry,F,73,5,13.5,4.5,0.5,1.2,1.7,1.3,0.6,0.2,0.7,1.6,1.8,1.6,3.7,44.8,0.5,1.4,35.6,0.7,0.9,71.0,1.1,2.2,50.6,1.216,0.52
CHI,Jevon Carter,PG,36,1,8.9,4.3,0.1,1.0,1.1,1.1,0.4,0.1,0.3,0.4,3.6,1.5,4.1,37.7,1.0,2.9,33.3,0.2,0.3,80.0,0.6,1.1,48.8,1.048,0.50
CHI,Chris Duarte,SG,17,0,4.4,2.1,0.3,0.9,1.2,0.5,0.0,0.0,0.1,0.4,9.0,0.7,1.5,46.2,0.4,0.9,40.0,0.4,0.5,75.0,0.4,0.6,54.5,1.385,0.58
CHI,Adama Sanogo,C,4,0,5.3,2.0,1.3,0.3,1.5,0.3,0.0,0.0,0.3,0.3,1.0,1.0,1.8,57.1,0.0,0.0,0.0,0.0,0.0,0.0,1.0,1.8,57.1,1.143,0.57
CHI,Jahmir Young,G,6,0,5.0,1.8,0.2,0.3,0.5,1.0,0.0,0.0,0.2,0.3,6.0,0.7,0.8,80.0,0.2,0.3,50.0,0.3,0.3,100.0,0.5,0.5,100.0,2.200,0.90
CHI,E.J. Liddell,F,12,0,4.4,1.8,0.3,0.5,0.8,0.3,0.1,0.1,0.2,0.9,1.5,0.7,1.3,53.3,0.3,0.8,30.0,0.2,0.2,100.0,0.4,0.4,100.0,1.400,0.63
CHI,Emanuel Miller,F,6,0,4.2,1.7,0.7,0.7,1.3,0.3,0.2,0.0,0.0,0.5,0.0,0.7,1.3,50.0,0.0,0.2,0.0,0.3,0.3,100.0,0.7,1.2,57.1,1.250,0.50
CLE,Donovan Mitchell,SG,71,71,31.4,24.0,0.8,3.7,4.5,5.0,1.3,0.2,2.1,2.0,2.4,8.2,18.6,44.3,3.3,8.9,36.8,4.2,5.1,82.3,5.0,9.7,51.2,1.289,0.53
CLE,Darius Garland,PG,75,75,30.7,20.6,0.6,2.2,2.9,6.7,1.2,0.1,2.5,1.9,2.7,7.4,15.7,47.2,2.8,7.1,40.1,3.0,3.4,87.8,4.6,8.6,53.0,1.315,0.56
CLE,Evan Mobley,PF,71,71,30.5,18.5,2.3,7.0,9.3,3.2,0.9,1.6,2.0,2.0,1.6,7.1,12.8,55.7,1.2,3.2,37.0,3.1,4.3,72.5,5.9,9.5,62.1,1.453,0.60
CLE,De'Andre Hunter,SF,27,5,25.0,14.3,0.6,3.6,4.2,1.3,0.7,0.3,0.9,2.5,1.5,4.9,10.0,48.5,2.2,5.2,42.6,2.4,2.9,82.1,2.6,4.8,55.0,1.430,0.60
CLE,Jarrett Allen,C,82,82,28.0,13.5,2.6,7.1,9.7,1.9,0.9,0.9,1.2,1.5,1.6,5.5,7.8,70.6,0.0,0.1,0.0,2.4,3.4,71.8,5.5,7.7,71.2,1.723,0.71
CLE,Ty Jerome,SG,70,3,19.9,12.5,0.7,1.8,2.5,3.4,1.1,0.0,1.3,1.5,2.6,4.6,8.8,51.6,1.6,3.6,43.9,1.8,2.1,87.2,3.0,5.2,57.0,1.421,0.61
CLE,Caris LeVert,SG,38,3,23.8,10.2,0.6,2.2,2.8,3.7,0.9,0.5,1.3,1.3,2.7,3.6,7.8,45.3,1.6,3.9,40.5,1.5,2.2,69.9,2.0,3.9,50.0,1.302,0.55
CLE,Max Strus,SG,50,37,25.5,9.4,1.1,3.3,4.3,3.2,0.5,0.2,1.1,2.1,2.9,3.3,7.5,44.2,2.3,5.9,38.6,0.6,0.7,82.4,1.0,1.6,65.0,1.263,0.59
CLE,Georges Niang,SF,51,1,20.6,8.7,0.7,3.0,3.7,1.3,0.3,0.1,0.9,2.5,1.4,3.3,6.8,47.7,1.8,4.4,40.0,0.5,0.6,79.3,1.5,2.4,61.8,1.279,0.61
CLE,Nae'Qwan Tomlin,F,5,1,12.6,7.2,1.8,2.4,4.2,0.4,0.0,0.2,0.4,1.8,1.0,2.6,6.4,40.6,0.4,2.0,20.0,1.6,2.2,72.7,2.2,4.4,50.0,1.125,0.44
CLE,Sam Merrill,SG,71,4,19.7,7.2,0.5,1.7,2.2,1.5,0.7,0.2,0.5,1.7,3.1,2.4,6.0,40.6,1.9,5.2,37.2,0.4,0.4,96.6,0.5,0.8,62.5,1.200,0.57
CLE,Isaac Okoro,SF,55,22,19.1,6.1,0.9,1.5,2.4,1.2,0.6,0.3,0.4,1.9,3.0,2.3,4.9,46.4,1.0,2.7,37.1,0.6,0.8,71.7,1.2,2.1,58.6,1.262,0.57
CLE,Dean Wade,PF,59,30,21.2,5.4,0.9,3.4,4.2,1.3,0.7,0.3,0.4,1.7,3.5,1.9,4.6,41.3,1.4,3.8,36.0,0.3,0.5,53.3,0.5,0.8,65.3,1.181,0.56
CLE,Emoni Bates,F,10,0,7.5,3.7,0.0,0.7,0.7,0.8,0.1,0.1,0.2,0.4,4.0,1.3,3.8,34.2,1.1,3.0,36.7,0.0,0.0,0.0,0.2,0.8,25.0,0.974,0.49
CLE,Craig Porter Jr.,G,51,1,10.1,3.7,0.4,0.9,1.3,1.4,0.3,0.3,0.7,0.5,1.9,1.4,2.7,51.4,0.4,0.9,43.8,0.5,0.6,71.9,1.0,1.8,55.4,1.343,0.59
CLE,Jaylon Tyson,F,47,3,9.6,3.6,0.8,1.3,2.0,0.9,0.3,0.1,0.6,1.1,1.7,1.4,3.2,43.0,0.4,1.2,34.5,0.4,0.5,79.2,0.9,1.9,48.4,1.121,0.50
CLE,Javonte Green,G,18,1,9.2,3.3,0.6,1.7,2.2,0.6,0.6,0.1,0.2,1.2,2.8,1.3,3.5,36.5,0.4,1.8,24.2,0.3,0.6,50.0,0.8,1.7,50.0,0.937,0.43
CLE,JT Thor,F,9,0,4.7,3.1,0.3,0.3,0.7,0.1,0.2,0.3,0.7,0.7,0.2,1.0,1.7,60.0,0.3,0.7,50.0,0.8,0.9,87.5,0.7,1.0,66.7,1.867,0.70
CLE,Chuma Okeke,PF,2,0,12.5,2.5,0.5,1.5,2.0,1.0,0.0,0.5,0.0,0.0,0.0,1.0,3.5,28.6,0.5,3.0,16.7,0.0,0.0,0.0,0.5,0.5,100.0,0.714,0.36
CLE,Tristan Thompson,C,40,0,8.2,1.7,0.8,2.6,3.4,0.6,0.1,0.3,0.4,0.9,1.7,0.8,1.8,43.7,0.0,0.1,0.0,0.2,0.8,23.3,0.8,1.7,45.6,0.972,0.44
CLE,Luke Travers,G,12,0,7.3,1.0,0.7,1.0,1.7,0.7,0.1,0.1,0.7,0.5,1.0,0.4,1.7,25.0,0.0,0.8,0.0,0.2,0.2,100.0,0.4,0.9,45.5,0.600,0.25
DAL,Luka Doncic,PG,22,22,35.7,28.1,0.7,7.6,8.3,7.8,2.0,0.4,3.4,2.6,2.3,9.8,21.2,46.4,3.4,9.6,35.4,5.1,6.6,76.7,6.4,11.5,55.5,1.328,0.54
DAL,Kyrie Irving,PG,50,50,36.1,24.7,1.2,3.6,4.8,4.6,1.3,0.5,2.2,2.0,2.1,8.9,18.9,47.3,2.9,7.2,40.1,3.9,4.3,91.6,6.1,11.7,51.7,1.306,0.55
DAL,Anthony Davis,PF,9,9,29.6,20.0,1.7,8.4,10.1,4.4,0.6,2.2,2.2,1.8,2.0,7.8,16.9,46.1,0.8,3.3,23.3,3.7,5.3,68.8,7.0,13.6,51.6,1.184,0.48
DAL,P.J. Washington,PF,57,56,32.2,14.7,1.4,6.3,7.8,2.3,1.1,1.1,2.1,2.3,1.1,5.3,11.7,45.3,1.6,4.2,38.1,2.5,3.5,72.2,3.7,7.5,49.3,1.257,0.52
DAL,Klay Thompson,SG,72,72,27.3,14.0,0.6,2.8,3.4,2.0,0.7,0.4,1.2,1.1,1.6,5.0,12.2,41.2,3.0,7.7,39.1,0.9,1.0,90.5,2.0,4.5,44.8,1.146,0.53
DAL,Naji Marshall,SF,69,31,27.8,13.2,1.1,3.7,4.8,3.0,1.0,0.2,1.6,1.6,1.9,5.2,10.3,50.8,0.9,3.2,27.5,1.9,2.3,81.3,4.4,7.2,61.1,1.284,0.55
DAL,Daniel Gafford,C,57,31,21.5,12.3,2.7,4.1,6.8,1.4,0.4,1.8,1.2,2.7,1.2,5.0,7.1,70.2,0.0,0.0,0.0,2.4,3.4,68.9,5.0,7.1,70.2,1.739,0.70
DAL,Moses Brown,C,4,2,18.3,11.8,2.0,5.8,7.8,0.5,1.0,0.8,1.3,2.8,0.4,5.3,7.3,72.4,0.0,0.0,0.0,1.3,1.5,83.3,5.3,7.3,72.4,1.621,0.72
DAL,Kai Jones,PF,12,6,21.7,11.4,2.1,4.5,6.6,1.3,0.8,0.8,0.7,2.3,1.9,5.1,6.1,83.6,0.1,0.3,33.3,1.2,1.7,70.0,5.0,5.8,85.7,1.877,0.84
DAL,Max Christie,G,32,11,30.4,11.2,0.4,3.8,4.2,2.5,0.9,0.3,1.5,1.3,1.6,3.9,9.4,41.1,1.7,4.7,36.4,1.8,2.0,86.2,2.2,4.7,45.7,1.189,0.50
DAL,Spencer Dinwiddie,PG,79,30,27.0,11.0,0.2,2.4,2.6,4.4,0.9,0.2,1.3,1.5,3.4,3.6,8.6,41.6,1.4,4.1,33.4,2.5,3.1,80.2,2.2,4.5,49.2,1.279,0.50
DAL,Quentin Grimes,SG,47,12,22.8,10.2,0.6,3.2,3.8,2.1,0.7,0.2,1.3,1.7,1.7,3.6,7.8,46.3,1.7,4.3,39.8,1.3,1.7,76.5,1.9,3.5,54.3,1.315,0.57
DAL,Dereck Lively II,C,36,29,23.1,8.7,2.9,4.6,7.5,2.4,0.6,1.6,1.1,2.8,2.1,3.7,5.3,70.2,0.0,0.0,0.0,1.3,2.0,63.0,3.7,5.3,70.2,1.644,0.70
DAL,Jaden Hardy,G,57,3,15.9,8.7,0.2,1.4,1.6,1.4,0.5,0.1,1.4,1.6,1.0,3.2,7.3,43.5,1.3,3.5,38.6,1.1,1.5,69.8,1.8,3.8,47.9,1.198,0.53
DAL,Dante Exum,G,20,13,18.6,8.7,0.2,1.5,1.7,2.8,0.6,0.2,1.1,1.7,2.5,3.2,6.7,47.8,1.2,2.7,43.4,1.2,1.6,74.2,2.1,4.1,50.6,1.299,0.56
DAL,Brandon Williams,G,33,3,14.8,8.3,0.4,1.4,1.8,2.3,0.7,0.2,1.2,1.0,1.9,3.0,5.7,52.1,0.7,1.8,40.0,1.7,2.0,83.3,2.2,3.9,57.8,1.463,0.59
DAL,Caleb Martin,SF,14,0,19.6,5.4,0.7,2.2,2.9,1.9,0.9,0.2,0.9,1.7,2.0,2.0,5.1,38.9,0.3,1.1,25.0,1.1,1.7,62.5,1.7,4.0,42.9,1.042,0.42
DAL,Kessler Edwards,SF,40,18,15.2,4.2,0.6,2.3,2.9,1.1,0.5,0.5,0.4,1.6,2.6,1.7,3.4,49.6,0.6,1.4,40.7,0.3,0.3,92.3,1.1,2.0,55.6,1.244,0.58
DAL,Olivier-Maxence Prosper,F,52,4,11.2,3.9,0.8,1.6,2.4,0.8,0.5,0.1,0.3,0.5,2.9,1.3,3.3,40.2,0.2,1.0,23.5,0.9,1.5,64.5,1.1,2.4,47.2,1.155,0.44
DAL,Maxi Kleber,PF,34,4,18.7,3.0,0.7,2.1,2.8,1.3,0.3,0.5,0.7,1.9,1.9,1.1,2.8,38.5,0.4,1.4,26.5,0.5,0.6,76.2,0.7,1.4,51.1,1.073,0.45
DAL,Kylor Kelley,C,8,1,8.4,3.0,1.0,1.6,2.6,0.3,0.0,0.3,0.1,1.0,2.0,1.3,1.6,76.9,0.0,0.0,0.0,0.5,0.8,66.7,1.3,1.6,76.9,1.846,0.77
DAL,Dwight Powell,C,55,3,10.0,2.1,0.9,1.3,2.1,1.0,0.3,0.4,0.3,1.4,3.1,0.8,1.1,68.9,0.0,0.1,40.0,0.5,0.8,65.1,0.7,1.0,71.4,1.869,0.70
DAL,Markieff Morris,PF,7,0,5.9,1.7,0.0,1.1,1.1,0.6,0.1,0.1,0.3,0.3,2.0,0.7,3.1,22.7,0.3,1.9,15.4,0.0,0.0,0.0,0.4,1.3,33.3,0.545,0.27
DAL,Jazian Gortman,G,16,0,3.6,1.5,0.1,0.3,0.3,0.4,0.1,0.1,0.3,0.6,1.2,0.6,1.4,39.1,0.3,0.7,36.4,0.1,0.3,50.0,0.3,0.8,41.7,1.043,0.48
DEN,Nikola Jokic,C,70,70,36.7,29.6,2.9,9.9,12.7,10.2,1.8,0.6,3.3,2.3,3.1,11.2,19.5,57.6,2.0,4.7,41.7,5.2,6.4,80.0,9.3,14.8,62.7,1.518,0.63
DEN,Jamal Murray,PG,67,67,36.1,21.4,0.7,3.2,3.9,6.0,1.4,0.5,2.1,1.9,2.9,7.9,16.7,47.4,2.3,5.9,39.3,3.3,3.7,88.6,5.6,10.8,51.8,1.281,0.54
DEN,Michael Porter Jr.,SF,77,77,33.7,18.2,1.8,5.2,7.0,2.1,0.6,0.5,1.4,2.0,1.6,6.9,13.6,50.4,2.5,6.4,39.5,1.9,2.5,76.8,4.4,7.3,59.9,1.334,0.60
DEN,Christian Braun,G,79,77,33.9,15.4,1.2,3.9,5.2,2.6,1.1,0.5,1.0,2.2,2.5,6.0,10.4,58.0,1.1,2.8,39.7,2.2,2.7,82.7,4.9,7.6,64.8,1.484,0.63
DEN,Aaron Gordon,PF,51,42,28.4,14.7,1.6,3.3,4.8,3.2,0.5,0.3,1.4,1.6,2.2,5.2,9.7,53.1,1.5,3.4,43.6,2.8,3.5,81.0,3.7,6.4,58.2,1.505,0.61
DEN,Russell Westbrook,PG,75,36,27.9,13.3,1.4,3.6,4.9,6.1,1.4,0.5,3.2,2.5,1.9,5.0,11.1,44.9,1.3,3.9,32.3,2.1,3.1,66.1,3.7,7.2,51.7,1.196,0.51
DEN,Julian Strawther,G,65,4,21.3,9.0,0.3,1.9,2.2,1.3,0.6,0.2,0.9,2.3,1.5,3.2,7.5,43.2,1.4,4.1,34.9,1.1,1.4,82.2,1.8,3.3,53.5,1.210,0.53
DEN,Peyton Watson,F,68,18,24.4,8.1,0.7,2.7,3.4,1.4,0.7,1.4,0.8,1.8,1.7,3.0,6.3,47.7,0.7,2.0,35.3,1.4,2.0,69.3,2.3,4.3,53.4,1.287,0.53
DEN,Jalen Pickett,G,49,4,13.6,4.1,0.3,1.1,1.4,2.2,0.4,0.1,0.5,0.8,4.5,1.6,3.7,42.8,0.8,2.1,39.6,0.1,0.2,75.0,0.8,1.6,46.8,1.111,0.54
DEN,DeAndre Jordan,C,56,5,12.3,3.7,1.5,3.6,5.1,0.9,0.3,0.5,0.7,1.3,1.3,1.6,2.5,65.0,0.0,0.0,0.0,0.5,1.1,42.2,1.6,2.5,65.0,1.493,0.65
DEN,Dario Saric,PF,16,4,13.1,3.5,0.9,2.3,3.1,1.4,0.4,0.1,0.9,1.2,1.5,1.3,3.6,36.2,0.4,1.6,26.9,0.4,0.6,70.0,0.9,2.0,43.8,0.966,0.42
DEN,Zeke Nnaji,PF,57,4,10.7,3.2,0.6,1.0,1.6,0.4,0.4,0.7,0.2,1.1,1.6,1.2,2.5,49.6,0.3,0.9,32.7,0.5,0.8,61.4,0.9,1.6,59.6,1.305,0.56
DEN,Hunter Tyson,F,51,2,7.8,2.6,0.5,1.0,1.5,0.4,0.2,0.1,0.3,0.9,1.4,0.9,2.4,37.5,0.5,1.5,31.1,0.4,0.5,75.0,0.4,0.9,47.8,1.117,0.47
DEN,Vlatko Cancar,SF,13,0,10.5,1.8,0.5,2.0,2.5,0.7,0.2,0.2,0.8,0.8,0.8,0.8,2.0,38.5,0.3,1.2,26.7,0.0,0.0,0.0,0.5,0.8,54.5,0.923,0.46
DEN,PJ Hall,C,19,0,3.5,1.7,0.3,0.8,1.2,0.2,0.0,0.2,0.1,0.6,2.0,0.7,1.3,58.3,0.1,0.4,25.0,0.2,0.2,75.0,0.6,0.8,75.0,1.375,0.63
DEN,Trey Alexander,G,24,0,4.9,1.3,0.0,0.5,0.5,0.5,0.1,0.0,0.2,0.4,2.2,0.5,1.7,31.7,0.1,0.7,17.6,0.1,0.2,75.0,0.4,1.0,41.7,0.780,0.35
DEN,Spencer Jones,F,20,0,6.3,1.3,0.4,0.5,0.9,0.3,0.3,0.3,0.3,0.9,1.0,0.6,1.7,32.4,0.1,0.9,5.9,0.2,0.2,100.0,0.5,0.9,58.8,0.765,0.34
DET,Cade Cunningham,PG,70,70,35.0,26.1,0.8,5.3,6.1,9.1,1.0,0.8,4.4,2.8,2.1,9.8,20.8,46.9,2.1,6.0,35.6,4.5,5.3,84.6,7.6,14.8,51.5,1.256,0.52
DET,Jaden Ivey,PG,30,30,29.9,17.6,1.3,2.8,4.1,4.0,0.9,0.4,3.0,2.2,1.3,6.3,13.8,46.0,2.1,5.1,40.9,2.8,3.9,73.3,4.2,8.6,49.0,1.278,0.54
DET,Malik Beasley,SG,82,18,27.8,16.3,0.6,2.0,2.6,1.7,0.9,0.1,1.0,1.5,1.7,5.6,13.1,43.0,3.9,9.3,41.6,1.2,1.7,67.9,1.7,3.7,46.6,1.247,0.58
DET,Tolu Smith,F,1,0,22.0,14.0,4.0,4.0,8.0,0.0,0.0,0.0,2.0,3.0,0.0,6.0,9.0,66.7,0.0,0.0,0.0,2.0,3.0,66.7,6.0,9.0,66.7,1.556,0.67
DET,Tobias Harris,F,73,73,31.6,13.7,0.9,5.0,5.9,2.2,1.0,0.8,1.2,1.9,1.9,5.3,11.0,47.7,1.2,3.6,34.5,2.0,2.3,86.1,4.0,7.4,54.2,1.245,0.53
DET,Jalen Duren,C,78,78,26.1,11.8,3.6,6.8,10.3,2.7,0.7,1.1,1.7,3.2,1.5,4.8,7.0,69.2,0.0,0.0,0.0,2.1,3.1,66.9,4.8,7.0,69.2,1.681,0.69
DET,Tim Hardaway Jr.,SF,77,77,28.0,11.0,0.2,2.1,2.4,1.6,0.5,0.1,0.6,1.2,2.6,3.6,8.8,40.6,2.2,5.9,36.8,1.6,1.9,85.5,1.4,2.9,48.4,1.241,0.53
DET,Dennis Schroder,PG,28,8,25.2,10.8,0.5,2.2,2.6,5.3,0.5,0.2,1.3,2.0,4.2,3.4,9.0,37.8,1.1,3.8,30.2,2.9,3.4,83.3,2.3,5.2,43.4,1.203,0.44
DET,Ausar Thompson,F,59,48,22.5,10.1,1.9,3.3,5.1,2.3,1.7,0.7,1.4,2.8,1.7,4.2,7.8,53.5,0.2,0.8,22.4,1.5,2.4,64.1,4.0,7.0,57.2,1.291,0.55
DET,Marcus Sasser,G,57,1,14.2,6.6,0.3,0.9,1.2,2.3,0.6,0.1,0.9,1.3,2.5,2.4,5.2,46.3,1.0,2.7,38.2,0.8,0.9,84.3,1.4,2.5,54.9,1.267,0.56
DET,Ronald Holland II,F,81,2,15.6,6.4,0.5,2.2,2.7,1.0,0.6,0.2,0.9,1.7,1.1,2.4,5.1,47.4,0.4,1.9,23.8,1.1,1.5,75.4,2.0,3.3,60.8,1.255,0.52
DET,Isaiah Stewart,C,72,4,19.9,6.0,1.8,3.7,5.5,1.7,0.4,1.4,0.9,2.5,1.8,2.4,4.4,55.9,0.2,0.7,32.1,0.9,1.2,75.9,2.2,3.6,60.7,1.381,0.59
DET,Simone Fontecchio,F,75,0,16.5,5.9,0.7,2.2,2.9,0.9,0.4,0.2,0.7,1.3,1.2,2.0,5.0,40.2,1.0,3.0,33.5,0.9,1.1,83.3,1.0,1.9,50.7,1.196,0.50
DET,Alondes Williams,G,1,0,4.0,5.0,0.0,0.0,0.0,1.0,0.0,0.0,0.0,0.0,0.0,2.0,2.0,100.0,1.0,1.0,100.0,0.0,0.0,0.0,1.0,1.0,100.0,2.500,1.25
DET,Paul Reed,F,45,0,9.7,4.1,0.9,1.8,2.7,1.0,0.9,0.6,0.6,1.7,1.7,1.6,3.2,50.7,0.2,0.6,28.6,0.7,0.9,76.2,1.4,2.5,56.1,1.296,0.54
DET,Ron Harper Jr.,G,1,0,17.0,4.0,4.0,3.0,7.0,2.0,0.0,0.0,0.0,0.0,0.0,1.0,8.0,12.5,0.0,6.0,0.0,2.0,2.0,100.0,1.0,2.0,50.0,0.500,0.13
DET,Lindy Waters III,F,14,0,8.8,3.4,0.3,0.7,1.0,0.7,0.4,0.1,0.2,0.5,3.3,1.1,3.1,36.4,1.1,2.7,39.5,0.0,0.0,0.0,0.1,0.4,16.7,1.068,0.53
DET,Wendell Moore Jr.,G,20,1,11.0,3.2,0.6,1.7,2.2,1.2,0.5,0.2,0.5,0.8,2.6,1.2,2.5,46.0,0.2,0.7,28.6,0.7,0.7,92.9,1.0,1.8,52.8,1.260,0.50
DET,Bobi Klintman,F,8,0,5.3,1.9,0.1,0.8,0.9,0.9,0.3,0.1,0.1,1.0,7.0,0.8,1.3,60.0,0.3,0.6,40.0,0.1,0.3,50.0,0.5,0.6,80.0,1.500,0.70
DET,Daniss Jenkins,G,7,0,3.3,1.0,0.0,0.3,0.3,0.4,0.0,0.0,0.1,0.3,3.0,0.4,1.4,30.0,0.1,1.0,14.3,0.0,0.3,0.0,0.3,0.4,66.7,0.700,0.35
DET,Cole Swider,F,2,0,6.5,0.0,0.0,1.0,1.0,0.5,0.0,0.0,0.0,0.5,0.0,0.0,2.5,0.0,0.0,2.5,0.0,0.0,0.0,0.0,0.0,0.0,0.0,0.000,0.00
GS,Stephen Curry,PG,70,70,32.2,24.5,0.6,3.9,4.4,6.0,1.1,0.4,2.9,1.4,2.1,8.1,18.0,44.8,4.4,11.2,39.7,4.0,4.3,93.3,3.6,6.8,53.4,1.366,0.57
GS,Jimmy Butler III,SF,30,30,32.7,17.9,2.3,3.2,5.5,5.9,1.7,0.3,1.5,1.0,4.0,5.3,11.1,47.6,0.6,2.3,27.9,6.7,7.7,87.0,4.7,8.9,52.6,1.611,0.50
GS,Andrew Wiggins,SF,43,43,30.1,17.6,1.5,3.0,4.6,2.4,0.9,0.8,1.3,1.6,1.8,6.1,13.7,44.4,2.2,5.8,37.9,3.2,4.2,77.7,3.9,7.9,49.1,1.284,0.52
GS,Jonathan Kuminga,PF,47,10,24.3,15.3,1.2,3.4,4.6,2.2,0.8,0.4,1.5,1.9,1.5,5.5,12.1,45.4,1.0,3.2,30.5,3.3,5.0,66.8,4.5,8.9,50.8,1.266,0.49
GS,Brandin Podziemski,G,64,33,26.8,11.7,1.0,4.1,5.1,3.4,1.1,0.2,1.2,1.5,2.9,4.4,9.8,44.5,1.8,4.8,37.2,1.1,1.5,75.8,2.6,5.0,51.6,1.188,0.54
GS,Buddy Hield,SG,82,22,22.7,11.1,0.6,2.6,3.2,1.6,0.8,0.3,1.1,1.6,1.5,4.0,9.6,41.7,2.5,6.7,37.0,0.6,0.8,82.8,1.5,2.9,52.7,1.160,0.55
GS,Dennis Schroder,PG,24,18,26.2,10.6,0.4,1.9,2.3,4.4,1.0,0.1,2.0,2.8,2.2,3.9,10.5,37.5,1.5,4.8,32.2,1.2,1.6,74.4,2.4,5.7,41.9,1.012,0.45
GS,De'Anthony Melton,SG,6,2,20.2,10.3,1.0,2.3,3.3,2.8,1.2,0.3,1.7,3.0,1.7,3.7,9.0,40.7,2.2,5.8,37.1,0.8,1.3,62.5,1.5,3.2,47.4,1.148,0.53
GS,Moses Moody,SG,74,34,22.3,9.8,0.7,1.9,2.6,1.3,0.8,0.4,0.7,1.6,1.8,3.3,7.7,43.3,1.7,4.6,37.4,1.4,1.8,79.7,1.6,3.1,51.9,1.275,0.54
GS,Draymond Green,PF,68,66,29.2,9.0,1.1,5.0,6.1,5.6,1.5,1.0,2.6,3.2,2.2,3.2,7.5,42.4,1.2,3.6,32.5,1.5,2.2,68.7,2.0,3.9,51.7,1.204,0.50
GS,Quinten Post,C,42,14,16.3,8.1,0.8,2.7,3.5,1.3,0.4,0.4,0.8,2.0,1.7,2.9,6.5,44.9,1.7,4.3,40.8,0.5,0.6,77.8,1.2,2.3,52.6,1.241,0.58
GS,Trayce Jackson-Davis,F,62,37,15.6,6.6,2.0,3.0,5.0,1.7,0.4,0.6,0.7,1.2,2.3,2.8,4.9,57.6,0.0,0.0,0.0,1.0,1.6,57.8,2.8,4.8,58.2,1.348,0.58
GS,Gary Payton II,SG,62,11,15.0,6.5,0.9,2.1,3.0,1.3,0.8,0.3,0.6,1.7,2.1,2.8,4.8,57.4,0.5,1.5,32.6,0.4,0.6,71.1,2.3,3.3,69.0,1.342,0.63
GS,Lindy Waters III,F,38,9,17.2,5.5,0.4,2.1,2.5,1.1,0.6,0.3,0.4,1.4,2.5,2.0,5.4,37.1,1.3,3.9,33.1,0.2,0.3,72.7,0.7,1.5,47.4,1.020,0.49
GS,Kyle Anderson,SF,36,3,15.0,5.3,0.8,2.3,3.1,2.3,0.7,0.6,0.6,1.1,4.1,2.1,4.7,45.0,0.5,1.4,36.5,0.5,0.8,66.7,1.6,3.3,48.7,1.118,0.51
GS,Kevon Looney,F,76,6,15.0,4.5,2.4,3.6,6.1,1.6,0.6,0.5,0.5,2.0,3.0,1.9,3.7,51.4,0.0,0.1,40.0,0.7,1.3,56.6,1.9,3.6,51.6,1.237,0.52
GS,Gui Santos,F,56,2,13.6,4.1,1.3,1.8,3.1,1.4,0.4,0.2,0.8,1.6,1.9,1.5,3.2,45.8,0.6,1.8,33.0,0.5,0.8,69.0,0.9,1.4,63.2,1.268,0.55
GS,Jackson Rowe,F,6,0,8.7,3.7,0.5,1.3,1.8,0.7,0.7,0.0,0.2,0.7,4.0,1.3,2.8,47.1,0.5,1.7,30.0,0.5,1.0,50.0,0.8,1.2,71.4,1.294,0.56
GS,Kevin Knox II,F,14,0,6.0,3.3,0.5,0.7,1.2,0.4,0.1,0.3,0.3,0.4,1.3,1.3,2.6,50.0,0.3,1.1,26.7,0.4,0.6,75.0,1.0,1.5,66.7,1.278,0.56
GS,Pat Spencer,G,39,0,6.4,2.5,0.4,0.8,1.2,1.2,0.4,0.1,0.5,0.5,2.7,1.1,2.6,40.6,0.1,0.6,22.7,0.3,0.4,73.3,0.9,2.0,45.6,0.970,0.43
GS,Braxton Key,F,3,0,3.7,1.0,0.3,0.3,0.7,0.0,0.7,0.0,0.3,0.0,0.0,0.0,1.3,0.0,0.0,0.3,0.0,1.0,2.0,50.0,0.0,1.0,0.0,0.750,0.00
GS,Reece Beekman,G,2,0,2.0,1.0,0.5,0.0,0.5,0.5,0.5,0.0,0.0,0.5,0.0,0.5,0.5,100.0,0.0,0.0,0.0,0.0,0.0,0.0,0.5,0.5,100.0,2.000,1.00
GS,Yuri Collins,G,2,0,8.0,1.0,1.0,0.5,1.5,2.0,1.0,0.0,0.0,2.5,0.0,0.5,1.5,33.3,0.0,0.0,0.0,0.0,0.0,0.0,0.5,1.5,33.3,0.667,0.33
HOU,Jalen Green,SG,82,82,32.9,21.0,0.5,4.0,4.6,3.4,0.9,0.3,2.5,1.5,1.4,7.4,17.5,42.3,2.9,8.1,35.4,3.3,4.1,81.3,4.6,9.5,48.2,1.199,0.50
HOU,Alperen Sengun,C,76,76,31.5,19.1,3.4,6.9,10.3,4.9,1.1,0.8,2.6,2.8,1.9,7.5,15.0,49.6,0.3,1.2,23.3,3.9,5.6,69.2,7.2,13.9,51.9,1.269,0.51
HOU,Fred VanVleet,PG,60,60,35.2,14.1,0.5,3.2,3.7,5.6,1.6,0.4,1.5,2.3,3.8,4.8,12.7,37.8,2.7,7.7,34.5,1.9,2.3,81.0,2.1,5.0,43.0,1.112,0.48
HOU,Amen Thompson,F,69,42,32.2,14.1,2.8,5.4,8.2,3.8,1.4,1.3,2.0,2.4,1.9,5.6,10.1,55.7,0.4,1.3,27.5,2.4,3.6,68.4,5.3,8.8,59.9,1.392,0.57
HOU,Dillon Brooks,SF,75,75,31.8,14.0,1.0,2.7,3.7,1.7,0.8,0.2,1.0,3.2,1.7,5.1,11.9,42.9,2.5,6.3,39.7,1.3,1.6,81.8,2.6,5.7,46.5,1.177,0.53
HOU,Jabari Smith Jr.,PF,57,39,30.1,12.2,1.8,5.2,7.0,1.1,0.4,0.7,1.1,2.2,1.0,4.4,9.9,43.8,1.7,4.9,35.4,1.8,2.2,82.5,2.6,5.1,51.9,1.233,0.52
HOU,Tari Eason,F,57,16,24.9,12.0,2.2,4.1,6.4,1.5,1.7,0.9,1.1,2.4,1.3,4.8,9.8,48.7,1.1,3.2,34.2,1.4,1.8,76.0,3.7,6.6,55.7,1.227,0.54
HOU,Cam Whitmore,F,51,3,16.2,9.4,0.7,2.3,3.0,1.0,0.6,0.3,0.9,0.9,1.1,3.5,7.9,44.4,1.3,3.6,35.5,1.1,1.4,75.0,2.2,4.3,51.8,1.184,0.52
HOU,N'Faly Dante,C,4,0,12.8,6.0,1.5,3.8,5.3,0.5,0.3,1.3,0.5,2.3,1.0,2.5,3.3,76.9,0.0,0.0,0.0,1.0,1.3,80.0,2.5,3.3,76.9,1.846,0.77
HOU,Aaron Holiday,G,62,3,12.8,5.5,0.2,1.0,1.3,1.3,0.3,0.2,0.6,1.0,2.2,1.9,4.3,43.7,1.2,2.9,39.8,0.5,0.7,82.9,0.7,1.4,51.7,1.269,0.57
HOU,Jeff Green,PF,32,3,12.4,5.4,0.3,1.5,1.8,0.6,0.2,0.1,0.3,1.0,2.2,1.9,3.8,50.4,0.9,2.5,36.7,0.7,0.8,80.8,1.0,1.3,76.2,1.421,0.62
HOU,Jock Landale,C,42,3,11.9,4.8,1.3,1.9,3.3,0.9,0.3,0.2,0.5,1.2,1.8,1.9,3.6,53.3,0.3,0.6,42.3,0.6,1.0,67.5,1.7,3.0,55.6,1.316,0.57
HOU,Reed Sheppard,G,52,3,12.6,4.4,0.3,1.2,1.5,1.4,0.7,0.3,0.7,1.0,2.0,1.6,4.6,35.1,0.9,2.7,33.8,0.3,0.3,81.3,0.7,1.9,37.1,0.958,0.45
HOU,David Roddy,F,3,0,11.7,4.3,0.0,1.7,1.7,0.7,0.0,0.3,0.3,0.3,2.0,1.7,4.3,38.5,0.3,2.3,14.3,0.7,1.3,50.0,1.3,2.0,66.7,1.000,0.42
HOU,Steven Adams,C,58,3,13.7,3.9,2.9,2.8,5.6,1.1,0.4,0.5,0.9,1.0,1.2,1.6,2.9,54.5,0.0,0.0,0.0,0.7,1.6,46.2,1.6,2.8,55.2,1.347,0.54
HOU,Jae'Sean Tate,SF,52,2,11.3,3.6,1.0,1.3,2.3,0.9,0.5,0.1,0.4,1.6,2.1,1.3,2.8,47.3,0.3,0.9,34.8,0.6,0.9,68.1,1.0,2.0,52.9,1.270,0.53
HOU,Nate Williams,G,20,0,7.4,3.3,0.3,0.4,0.7,0.5,0.4,0.2,0.7,0.8,0.6,1.4,3.1,43.5,0.3,1.3,23.1,0.3,0.4,62.5,1.1,1.8,58.3,1.048,0.48
HOU,Jack McVeigh,G,9,0,4.8,1.6,0.2,0.3,0.6,0.1,0.0,0.2,0.2,0.3,0.5,0.6,1.9,29.4,0.4,1.4,30.8,0.0,0.0,0.0,0.1,0.4,25.0,0.824,0.41
IND,Pascal Siakam,PF,78,78,32.7,20.2,1.7,5.2,6.9,3.4,0.9,0.5,1.4,2.4,2.4,7.9,15.2,51.9,1.6,4.2,38.9,2.9,3.9,73.4,6.2,11.0,56.8,1.335,0.57
IND,Tyrese Haliburton,PG,73,73,33.6,18.6,0.6,3.0,3.5,9.2,1.4,0.7,1.6,1.3,5.6,6.5,13.8,47.3,3.0,7.7,38.8,2.6,3.0,85.1,3.5,6.1,58.1,1.351,0.58
IND,Bennedict Mathurin,SG,72,49,29.8,16.1,1.2,4.1,5.3,1.9,0.7,0.3,1.9,2.3,1.0,5.4,11.8,45.8,1.4,4.0,34.0,3.8,4.6,83.1,4.1,7.8,51.9,1.355,0.52
IND,Myles Turner,C,72,72,30.2,15.6,1.3,5.3,6.5,1.5,0.8,2.0,1.7,2.5,0.9,5.4,11.3,48.1,2.2,5.5,39.6,2.6,3.3,77.3,3.3,5.8,56.1,1.381,0.58
IND,Aaron Nesmith,SF,45,37,24.9,12.0,0.8,3.1,4.0,1.2,0.8,0.4,0.8,2.5,1.5,4.3,8.4,50.7,1.9,4.3,43.1,1.6,1.8,91.3,2.4,4.1,58.7,1.427,0.62
IND,Obi Toppin,PF,79,4,19.6,10.5,0.7,3.3,4.0,1.6,0.6,0.4,0.9,1.4,1.9,4.0,7.6,52.9,1.4,3.8,36.5,1.1,1.4,78.1,2.6,3.8,69.5,1.391,0.62
IND,Andrew Nembhard,PG,65,65,28.9,10.0,0.5,2.8,3.3,5.0,1.2,0.2,1.7,2.3,2.9,3.8,8.3,45.8,0.8,2.7,29.1,1.7,2.1,79.4,3.0,5.6,53.8,1.212,0.51
IND,T.J. McConnell,PG,79,1,17.9,9.1,0.6,1.9,2.4,4.4,1.1,0.3,1.4,1.0,3.2,4.1,7.9,51.9,0.2,0.6,30.6,0.7,1.0,74.0,3.9,7.3,53.7,1.154,0.53
IND,Isaiah Jackson,SF,5,1,16.8,7.0,2.2,3.4,5.6,1.0,0.6,1.6,1.0,2.8,1.0,2.8,4.6,60.9,0.0,0.0,0.0,1.4,2.8,50.0,2.8,4.6,60.9,1.522,0.61
IND,Thomas Bryant,C,56,8,15.1,6.9,1.4,2.5,3.9,0.9,0.5,0.6,0.5,1.2,1.8,2.7,5.2,51.5,0.8,2.3,32.1,0.8,0.9,83.0,1.9,2.9,67.3,1.324,0.59
IND,Jarace Walker,F,75,5,15.8,6.1,0.3,2.7,3.1,1.5,0.7,0.3,1.0,1.5,1.4,2.3,4.8,47.2,1.0,2.5,40.5,0.6,0.9,66.7,1.3,2.3,54.3,1.281,0.58
IND,James Wiseman,C,1,0,5.0,6.0,0.0,1.0,1.0,0.0,0.0,0.0,0.0,0.0,0.0,2.0,4.0,50.0,0.0,1.0,0.0,2.0,2.0,100.0,2.0,3.0,66.7,1.500,0.50
IND,Quenton Jackson,G,28,7,13.6,5.8,0.5,1.1,1.6,1.9,0.8,0.2,0.6,1.5,3.3,2.1,4.4,47.5,0.5,1.4,37.5,1.1,1.4,77.5,1.5,2.9,52.4,1.328,0.54
IND,Ben Sheppard,G,63,9,19.5,5.3,0.7,2.1,2.8,1.3,0.6,0.2,0.3,2.0,3.9,1.9,4.6,41.8,1.1,3.2,34.2,0.4,0.4,88.9,0.8,1.4,59.1,1.157,0.54
IND,Tony Bradley,C,14,0,8.1,4.4,1.3,1.7,3.0,0.4,0.1,0.6,0.4,0.8,1.2,2.1,3.2,64.4,0.1,0.2,33.3,0.1,0.4,33.3,2.0,3.0,66.7,1.356,0.66
IND,Moses Brown,C,9,0,5.1,3.2,0.4,1.0,1.4,0.0,0.2,0.1,0.7,0.7,0.0,1.4,2.2,65.0,0.0,0.0,0.0,0.3,0.6,60.0,1.4,2.2,65.0,1.450,0.65
IND,RayJ Dennis,G,11,0,6.4,2.7,0.2,0.9,1.1,1.3,0.6,0.2,0.5,0.6,2.8,1.0,3.0,33.3,0.5,1.9,28.6,0.2,0.2,100.0,0.5,1.1,41.7,0.909,0.42
IND,Enrique Freeman,F,22,1,8.2,2.1,0.5,0.9,1.4,0.4,0.1,0.1,0.3,1.0,1.5,0.7,1.7,43.2,0.0,0.5,10.0,0.6,0.9,68.4,0.7,1.2,55.6,1.243,0.45
IND,Johnny Furphy,F,50,0,7.6,2.1,0.5,1.0,1.4,0.4,0.4,0.2,0.2,0.8,1.6,0.7,1.8,38.0,0.3,1.0,30.0,0.4,0.4,81.8,0.4,0.8,47.6,1.120,0.46
IND,James Johnson,PF,12,0,3.1,0.7,0.0,0.5,0.5,0.3,0.0,0.2,0.3,0.4,1.0,0.3,0.9,36.4,0.0,0.3,0.0,0.0,0.1,0.0,0.3,0.7,50.0,0.727,0.36
IND,Tristen Newton,G,5,0,1.6,0.6,0.0,0.0,0.0,0.2,0.0,0.0,0.2,0.4,1.0,0.2,1.2,16.7,0.0,0.6,0.0,0.2,0.2,100.0,0.2,0.6,33.3,0.500,0.17
IND,Jahlil Okafor,C,1,0,3.0,0.0,0.0,1.0,1.0,1.0,0.0,0.0,0.0,0.0,0.0,0.0,0.0,0.0,0.0,0.0,0.0,0.0,0.0,0.0,0.0,0.0,0.0,0.000,0.00
LAC,James Harden,SG,79,79,35.3,22.8,0.7,5.1,5.8,8.7,1.5,0.7,4.3,2.1,2.0,6.7,16.4,41.0,3.0,8.5,35.2,6.4,7.3,87.4,3.7,7.9,47.2,1.392,0.50
LAC,Norman Powell,G,60,60,32.6,21.8,0.4,2.8,3.2,2.1,1.2,0.2,1.8,1.9,1.2,7.6,15.8,48.4,3.0,7.1,41.8,3.6,4.4,80.4,4.6,8.6,53.8,1.382,0.58
LAC,Kawhi Leonard,SF,37,37,31.9,21.5,0.9,5.0,5.9,3.1,1.6,0.5,1.9,1.5,1.6,8.4,16.8,49.8,2.1,5.1,41.1,2.6,3.3,81.0,6.3,11.7,53.6,1.278,0.56
LAC,Ivica Zubac,C,80,80,32.8,16.8,3.8,8.9,12.6,2.7,0.7,1.1,1.6,2.1,1.7,7.4,11.8,62.8,0.0,0.0,0.0,2.0,3.0,66.1,7.4,11.8,62.8,1.423,0.63
LAC,Bogdan Bogdanovic,SG,30,4,25.0,11.4,0.4,2.7,3.1,3.2,0.7,0.2,1.2,2.3,2.6,4.2,8.9,47.4,2.0,4.8,42.7,0.9,1.1,87.5,2.2,4.2,52.8,1.280,0.59
LAC,Derrick Jones Jr.,SF,77,55,24.3,10.1,1.2,2.2,3.4,0.8,1.0,0.4,0.9,2.0,0.9,4.0,7.6,52.6,1.0,2.8,35.6,1.1,1.5,70.3,3.0,4.8,62.7,1.326,0.59
LAC,Amir Coffey,SG,72,13,24.3,9.7,0.4,1.8,2.2,1.1,0.6,0.1,0.6,1.7,1.7,3.3,7.1,47.1,1.4,3.4,40.9,1.6,1.8,89.1,1.9,3.7,52.9,1.365,0.57
LAC,Kevin Porter Jr.,G,45,2,19.6,9.3,0.6,2.9,3.6,3.2,1.0,0.2,1.9,1.6,1.7,3.8,9.0,42.3,0.6,2.4,24.5,1.1,1.7,64.5,3.2,6.7,48.5,1.029,0.45
LAC,Bones Hyland,PG,20,0,11.1,7.2,0.3,1.0,1.2,1.4,0.9,0.2,1.2,1.3,1.2,2.3,5.8,39.1,1.6,4.0,38.8,1.2,1.3,88.5,0.7,1.8,40.0,1.252,0.53
LAC,Kris Dunn,G,74,58,24.1,6.4,0.7,2.7,3.4,2.8,1.7,0.4,1.0,2.7,2.8,2.6,5.9,43.9,1.0,3.0,33.5,0.2,0.3,68.2,1.6,2.9,54.9,1.085,0.53
LAC,Terance Mann,SG,37,12,19.8,6.0,0.9,2.0,2.9,1.6,0.8,0.3,0.7,1.8,2.4,2.4,5.3,44.6,0.7,2.0,34.7,0.6,0.9,71.9,1.6,3.2,50.8,1.144,0.51
LAC,Mo Bamba,C,28,2,12.6,4.6,0.9,3.4,4.3,0.6,0.3,1.0,0.7,1.8,0.8,1.7,3.7,46.6,0.5,1.8,30.0,0.6,0.9,68.0,1.2,1.9,62.3,1.243,0.54
LAC,Jordan Miller,G,37,0,11.4,4.1,0.6,0.9,1.6,0.9,0.5,0.1,0.7,0.7,1.3,1.6,3.6,43.3,0.2,1.0,21.1,0.8,0.9,80.0,1.4,2.6,52.1,1.134,0.46
LAC,Nicolas Batum,PF,78,8,17.5,4.0,0.6,2.2,2.8,1.1,0.7,0.5,0.4,1.4,2.5,1.3,3.1,43.7,1.1,2.6,43.3,0.2,0.3,81.0,0.2,0.4,45.7,1.315,0.62
LAC,MarJon Beauchamp,F,3,0,5.7,4.0,0.7,0.3,1.0,0.7,0.0,0.0,0.3,0.7,2.0,1.3,2.3,57.1,0.7,1.0,66.7,0.7,1.3,50.0,0.7,1.3,50.0,1.714,0.71
LAC,Patty Mills,PG,12,0,5.1,3.1,0.1,0.0,0.1,0.4,0.1,0.0,0.1,1.0,5.0,0.8,1.7,50.0,0.8,1.5,50.0,0.7,0.8,88.9,0.1,0.2,50.0,1.850,0.73
LAC,Patrick Baldwin Jr.,F,2,0,3.0,3.0,0.0,1.5,1.5,0.5,0.0,0.0,0.0,1.0,0.0,1.0,1.0,100.0,1.0,1.0,100.0,0.0,0.0,0.0,0.0,0.0,0.0,3.000,1.50
LAC,Ben Simmons,PG,18,0,16.4,2.9,0.9,2.9,3.8,3.1,0.7,0.4,0.8,1.4,4.0,1.3,2.9,43.4,0.0,0.0,0.0,0.3,0.4,85.7,1.3,2.9,43.4,0.981,0.43
LAC,Drew Eubanks,PF,24,0,7.4,2.7,0.8,1.6,2.4,0.4,0.1,0.3,0.4,0.7,0.9,1.1,2.0,55.1,0.0,0.0,0.0,0.5,0.6,78.6,1.1,2.0,56.3,1.327,0.55
LAC,Kai Jones,PF,28,0,7.4,2.2,0.5,1.1,1.6,0.4,0.2,0.5,0.4,0.8,1.0,0.9,1.3,72.2,0.0,0.1,0.0,0.3,0.4,75.0,0.9,1.2,76.5,1.694,0.72
LAC,Kobe Brown,G,40,0,6.8,1.9,0.5,1.2,1.6,0.6,0.2,0.1,0.3,0.6,2.0,0.8,1.8,45.8,0.2,0.7,23.1,0.1,0.2,71.4,0.7,1.2,58.7,1.069,0.50
LAC,Trentyn Flowers,G,6,0,4.5,1.8,0.2,0.5,0.7,0.0,0.0,0.0,0.2,0.7,0.0,0.7,1.8,36.4,0.0,0.3,0.0,0.5,0.5,100.0,0.7,1.5,44.4,1.000,0.36
LAC,Cam Christie,G,13,0,4.5,1.4,0.2,0.7,0.9,0.5,0.4,0.1,0.2,0.3,3.0,0.5,1.8,29.2,0.2,1.0,15.4,0.2,0.3,50.0,0.4,0.8,45.5,0.750,0.33
LAL,Luka Doncic,PG,28,28,35.1,28.2,0.9,7.2,8.1,7.5,1.6,0.4,3.7,2.4,2.0,8.8,20.0,43.8,3.6,9.6,37.9,7.0,8.9,79.1,5.1,10.4,49.3,1.411,0.53
LAL,Anthony Davis,PF,42,42,34.3,25.7,2.8,9.0,11.9,3.4,1.3,2.1,2.2,2.0,1.5,9.5,18.0,52.8,0.7,2.2,29.8,6.0,7.6,78.8,8.9,15.8,56.0,1.426,0.55
LAL,LeBron James,SF,70,70,34.9,24.4,1.0,6.8,7.8,8.2,1.0,0.6,3.7,1.4,2.2,9.3,18.1,51.3,2.1,5.7,37.6,3.7,4.7,78.2,7.2,12.5,57.4,1.346,0.57
LAL,Austin Reaves,SG,73,73,34.9,20.2,0.8,3.7,4.5,5.8,1.1,0.3,2.4,2.1,2.4,6.5,14.2,46.0,2.7,7.3,37.7,4.4,5.0,87.7,3.8,6.9,54.7,1.422,0.56
LAL,Rui Hachimura,PF,59,57,31.7,13.1,1.3,3.7,5.0,1.4,0.8,0.4,0.8,1.8,1.7,5.0,9.8,50.9,1.7,4.2,41.3,1.5,1.9,77.0,3.2,5.6,58.1,1.345,0.60
LAL,D'Angelo Russell,G,29,10,26.3,12.4,0.3,2.5,2.8,4.7,0.8,0.1,1.7,1.8,2.7,4.4,10.7,41.5,1.9,5.8,33.3,1.6,1.8,84.9,2.5,4.9,51.0,1.154,0.50
LAL,Dalton Knecht,G,78,16,19.2,9.1,0.5,2.3,2.8,0.8,0.3,0.1,0.5,1.2,1.8,3.3,7.1,46.1,1.6,4.4,37.6,0.8,1.1,76.2,1.7,2.8,59.4,1.268,0.58
LAL,Max Christie,G,46,25,25.1,8.5,0.5,2.1,2.7,1.4,0.8,0.5,0.8,1.6,1.7,2.8,6.3,44.4,1.3,3.5,36.8,1.6,1.9,85.1,1.5,2.7,54.4,1.354,0.55
LAL,Dorian Finney-Smith,PF,43,20,28.8,7.9,1.1,2.5,3.6,1.4,0.9,0.3,0.9,1.9,1.6,2.8,6.4,44.2,1.9,4.8,39.8,0.3,0.5,71.4,0.9,1.6,57.1,1.236,0.59
LAL,Jaxson Hayes,C,56,35,19.5,6.8,1.4,3.4,4.8,1.0,0.6,0.9,0.8,2.4,1.3,2.9,4.0,72.2,0.0,0.1,0.0,1.1,1.8,62.2,2.9,3.9,73.2,1.717,0.72
LAL,Gabe Vincent,PG,72,11,21.2,6.4,0.3,1.0,1.3,1.4,0.7,0.2,0.6,2.1,2.4,2.3,5.8,40.0,1.5,4.3,35.3,0.2,0.3,71.4,0.8,1.5,53.2,1.095,0.53
LAL,Jordan Goodwin,G,29,5,18.7,5.6,1.3,2.6,3.9,1.4,1.0,0.4,0.9,1.5,1.6,2.2,5.0,43.8,0.9,2.3,38.2,0.3,0.4,81.8,1.3,2.6,48.7,1.118,0.53
LAL,Markieff Morris,PF,8,2,15.5,5.5,0.4,1.5,1.9,2.1,0.1,0.3,0.4,1.8,5.7,2.0,6.0,33.3,0.9,2.9,30.4,0.6,0.8,83.3,1.1,3.1,36.0,0.917,0.41
LAL,Jarred Vanderbilt,PF,36,2,16.1,4.1,1.9,3.2,5.1,1.1,1.0,0.3,0.8,1.9,1.4,1.6,3.4,48.8,0.3,0.9,28.1,0.6,1.0,55.6,1.4,2.5,56.2,1.215,0.52
LAL,Shake Milton,SG,30,1,11.5,3.9,0.5,1.3,1.8,1.3,0.3,0.1,0.7,0.8,1.9,1.4,3.2,43.3,0.3,1.1,29.4,0.7,0.9,84.6,1.1,2.1,50.8,1.196,0.48
LAL,Cam Reddish,SF,33,8,17.8,3.2,0.5,1.5,2.0,0.7,1.0,0.3,0.4,1.3,1.8,1.2,2.8,40.4,0.4,1.4,27.7,0.5,0.8,61.5,0.8,1.4,53.2,1.117,0.47
LAL,Trey Jemison III,C,22,0,10.3,2.6,1.0,1.8,2.8,0.3,0.1,0.4,0.6,1.9,0.4,1.2,1.9,61.9,0.0,0.0,0.0,0.2,0.5,41.7,1.2,1.9,61.9,1.357,0.62
LAL,Christian Koloko,C,37,0,9.2,2.4,0.9,1.5,2.5,0.4,0.2,0.4,0.3,1.2,1.3,1.1,1.8,60.6,0.0,0.1,0.0,0.3,0.4,71.4,1.1,1.7,64.5,1.364,0.61
LAL,Bronny James,G,27,1,6.7,2.3,0.1,0.5,0.7,0.8,0.3,0.1,0.5,0.5,1.7,0.8,2.5,31.3,0.3,1.2,28.1,0.4,0.5,78.6,0.4,1.3,34.3,0.925,0.38
LAL,Alex Len,C,10,4,12.2,2.2,1.3,1.8,3.1,0.8,0.1,0.3,0.9,2.1,0.9,1.0,2.2,45.5,0.1,0.3,33.3,0.1,0.4,25.0,0.9,1.9,47.4,1.000,0.48
LAL,Jalen Hood-Schifino,G,2,0,7.0,2.0,0.5,0.0,0.5,0.5,0.0,0.5,0.5,1.5,1.0,0.5,0.5,100.0,0.0,0.0,0.0,1.0,1.0,100.0,0.5,0.5,100.0,4.000,1.00
LAL,Armel Traore,F,9,0,7.4,1.6,0.2,1.4,1.7,0.1,0.4,0.2,0.3,0.7,0.3,0.7,2.1,31.6,0.0,0.8,0.0,0.2,0.8,28.6,0.7,1.3,50.0,0.737,0.32
LAL,Quincy Olivari,G,2,0,5.0,1.5,0.0,0.0,0.0,0.5,0.0,0.0,0.5,0.0,1.0,0.5,2.5,20.0,0.5,2.5,20.0,0.0,0.0,0.0,0.0,0.0,0.0,0.600,0.30
LAL,Maxwell Lewis,F,7,0,4.1,0.6,0.3,0.0,0.3,0.3,0.1,0.0,0.3,0.1,1.0,0.3,0.9,33.3,0.0,0.0,0.0,0.0,0.0,0.0,0.3,0.9,33.3,0.667,0.33
MEM,Ja Morant,PG,50,50,30.4,23.2,0.7,3.4,4.1,7.3,1.2,0.2,3.7,2.3,2.0,8.1,17.8,45.4,1.8,5.7,30.9,5.3,6.4,82.4,6.3,12.1,52.3,1.304,0.50
MEM,Jaren Jackson Jr.,PF,74,74,29.8,22.2,1.2,4.4,5.6,2.0,1.2,1.5,2.1,3.5,1.0,8.0,16.4,48.8,2.0,5.3,37.5,4.2,5.4,78.1,6.0,11.1,54.1,1.353,0.55
MEM,Desmond Bane,SG,69,68,32.0,19.2,0.9,5.2,6.1,5.3,1.2,0.4,2.4,2.4,2.2,7.1,14.8,48.4,2.4,6.1,39.2,2.6,2.9,89.4,4.8,8.7,54.8,1.304,0.56
MEM,Santi Aldama,PF,65,16,25.5,12.5,1.4,5.0,6.4,2.9,0.8,0.4,1.1,1.2,2.6,4.8,10.0,48.3,1.8,5.0,36.8,1.0,1.4,69.1,3.0,5.0,59.9,1.252,0.58
MEM,Jaylen Wells,F,79,74,25.9,10.4,1.1,2.3,3.4,1.7,0.6,0.1,0.9,1.8,2.0,3.6,8.6,42.5,1.7,5.0,35.2,1.4,1.7,82.2,1.9,3.6,52.5,1.217,0.53
MEM,Scotty Pippen Jr.,G,79,21,21.3,9.9,0.8,2.5,3.3,4.4,1.3,0.4,1.7,2.6,2.5,3.6,7.5,48.0,1.1,2.8,39.7,1.5,2.2,71.3,2.5,4.7,52.8,1.311,0.55
MEM,Zach Edey,C,66,55,21.5,9.2,3.5,4.8,8.3,1.0,0.5,1.3,1.3,2.8,0.7,3.8,6.6,58.0,0.3,0.8,34.6,1.4,1.9,70.9,3.5,5.8,61.2,1.409,0.60
MEM,Luke Kennard,SG,65,11,22.6,8.9,0.6,2.2,2.8,3.3,0.8,0.1,1.1,0.9,3.0,3.2,6.6,47.8,1.7,4.0,43.3,0.8,0.9,89.5,1.4,2.6,54.7,1.336,0.61
MEM,Marcus Smart,PG,19,6,21.1,8.7,0.7,1.5,2.3,3.7,1.2,0.3,1.8,1.6,2.0,2.8,7.8,35.8,1.5,4.7,32.2,1.6,1.9,83.3,1.3,3.1,41.4,1.115,0.46
MEM,Brandon Clarke,PF,64,18,18.9,8.3,2.0,3.1,5.1,1.0,0.8,0.6,0.6,2.3,1.6,3.7,5.9,62.1,0.0,0.3,5.9,1.0,1.4,70.1,3.7,5.7,64.7,1.405,0.62
MEM,Jake LaRavia,F,47,0,20.9,7.3,1.4,2.9,4.4,2.8,0.9,0.4,1.5,2.0,1.9,2.5,5.1,49.0,0.9,1.9,44.4,1.4,2.0,69.8,1.7,3.2,51.7,1.423,0.57
MEM,GG Jackson,F,29,3,15.8,7.2,0.9,2.2,3.2,1.0,0.4,0.2,1.1,1.0,0.9,2.6,6.9,37.2,1.1,3.3,33.7,1.0,1.4,72.5,1.4,3.6,40.4,1.050,0.45
MEM,Jay Huff,C,64,2,11.7,6.9,0.5,1.5,2.0,0.6,0.3,0.9,0.5,1.2,1.1,2.5,4.8,51.5,1.3,3.1,40.5,0.7,0.9,78.6,1.2,1.6,72.4,1.439,0.65
MEM,Vince Williams Jr.,G,27,5,18.5,6.6,0.8,2.8,3.6,2.0,0.4,0.3,1.2,1.7,1.7,2.5,6.2,40.1,1.0,3.5,27.4,0.7,0.9,79.2,1.5,2.7,56.9,1.072,0.48
MEM,Lamar Stevens,F,17,1,9.2,4.4,0.2,2.0,2.2,0.5,0.3,0.2,0.6,0.9,0.8,1.7,3.7,46.0,0.5,1.6,29.6,0.5,0.6,72.7,1.2,2.1,58.3,1.175,0.52
MEM,Cam Spencer,G,25,1,10.1,4.2,0.5,0.7,1.2,1.4,0.4,0.0,0.2,0.9,5.7,1.4,3.3,41.5,0.8,2.1,35.8,0.8,0.8,100.0,0.6,1.2,50.0,1.293,0.53
MEM,Marvin Bagley III,PF,12,1,8.3,3.6,0.9,1.4,2.3,0.3,0.2,0.3,0.1,0.5,4.0,1.4,2.9,48.6,0.1,0.8,11.1,0.7,1.0,66.7,1.3,2.2,61.5,1.229,0.50
MEM,John Konchar,SG,46,4,12.1,2.4,0.8,2.5,3.3,0.9,0.7,0.3,0.3,0.7,2.6,0.9,2.0,45.1,0.5,1.3,37.1,0.2,0.2,87.5,0.4,0.6,62.1,1.231,0.58
MEM,Yuki Kawamura,G,22,0,4.2,1.6,0.0,0.5,0.5,0.9,0.1,0.0,0.2,0.4,3.8,0.5,1.4,36.7,0.3,1.0,30.4,0.3,0.4,77.8,0.2,0.3,57.1,1.200,0.48
MEM,Colin Castleton,C,10,0,4.6,1.4,0.3,0.6,0.9,0.0,0.1,0.1,0.1,0.6,0.0,0.2,1.0,20.0,0.0,0.4,0.0,1.0,1.1,90.9,0.2,0.6,33.3,1.400,0.20
MEM,Zyon Pullin,G,3,0,1.0,0.0,0.0,0.0,0.0,0.0,0.0,0.0,0.0,0.0,0.0,0.0,0.3,0.0,0.0,0.0,0.0,0.0,0.0,0.0,0.0,0.3,0.0,0.000,0.00
MIA,Tyler Herro,PG,77,77,35.4,23.9,0.5,4.7,5.2,5.5,0.9,0.2,2.6,1.1,2.1,8.5,17.9,47.2,3.3,8.7,37.5,3.7,4.2,87.8,5.2,9.2,56.5,1.335,0.56
MIA,Andrew Wiggins,SF,17,17,32.1,19.0,1.4,2.9,4.2,3.3,1.2,1.0,2.5,1.8,1.3,6.8,14.8,45.8,2.1,5.9,36.0,3.4,4.6,73.1,4.6,8.9,52.3,1.287,0.53
MIA,Bam Adebayo,C,78,78,34.3,18.1,2.4,7.2,9.6,4.3,1.3,0.7,2.1,2.1,2.1,6.9,14.3,48.5,1.0,2.8,35.7,3.2,4.2,76.5,5.9,11.4,51.7,1.267,0.52
MIA,Jimmy Butler III,SF,25,25,30.6,17.0,2.2,3.0,5.2,4.8,1.1,0.4,1.2,0.9,4.0,5.7,10.5,54.0,0.5,1.4,36.1,5.2,6.4,80.1,5.2,9.1,56.8,1.620,0.56
MIA,Duncan Robinson,F,74,37,24.1,11.0,0.2,2.0,2.3,2.4,0.5,0.1,1.2,1.8,2.0,3.9,9.0,43.7,2.6,6.5,39.3,0.6,0.7,88.7,1.4,2.4,55.6,1.232,0.58
MIA,Nikola Jovic,F,46,10,25.1,10.7,0.6,3.3,3.9,2.8,0.8,0.3,1.3,1.8,2.2,3.7,8.2,45.6,1.7,4.6,37.1,1.6,1.9,82.8,2.0,3.6,56.3,1.310,0.56
MIA,Terry Rozier,SG,64,23,25.9,10.6,0.7,3.0,3.7,2.6,0.6,0.2,1.2,1.1,2.1,3.9,9.9,39.1,1.4,4.8,29.5,1.4,1.7,85.2,2.5,5.1,48.0,1.069,0.46
MIA,Davion Mitchell,PG,30,15,31.6,10.3,0.6,2.1,2.7,5.3,1.4,0.3,1.7,2.3,3.2,3.9,7.7,50.4,1.4,3.1,44.7,1.1,1.6,70.2,2.5,4.6,54.3,1.332,0.59
MIA,Kel'el Ware,C,64,36,22.2,9.3,1.8,5.6,7.4,0.9,0.6,1.1,0.9,1.7,1.1,4.0,7.3,55.4,0.5,1.7,31.5,0.7,1.0,68.7,3.5,5.5,62.9,1.282,0.59
MIA,Jaime Jaquez Jr.,G,66,17,20.7,8.6,1.3,3.1,4.4,2.5,0.9,0.2,1.5,1.2,1.7,3.2,7.0,46.1,0.6,1.8,31.1,1.6,2.2,75.4,2.7,5.2,51.3,1.234,0.50
MIA,Alec Burks,SG,49,14,17.6,7.3,0.3,2.2,2.5,1.1,0.6,0.1,0.6,0.8,1.9,2.3,5.5,42.4,1.8,4.2,42.5,0.8,1.0,77.6,0.6,1.3,42.2,1.314,0.59
MIA,Kyle Anderson,SF,25,1,18.4,6.7,1.0,2.8,3.8,2.6,0.6,0.5,0.7,1.6,3.8,2.6,5.4,49.3,0.2,0.7,33.3,1.2,1.5,78.9,2.4,4.6,51.7,1.254,0.51
MIA,Haywood Highsmith,F,74,42,24.6,6.5,1.0,2.4,3.4,1.5,0.9,0.5,0.7,2.2,2.1,2.4,5.3,45.8,1.2,3.1,38.2,0.4,0.6,72.1,1.2,2.1,57.0,1.223,0.57
MIA,Dru Smith,G,14,1,19.1,6.2,0.9,1.7,2.6,1.6,1.5,0.4,1.2,2.1,1.4,2.2,4.4,50.8,1.1,2.1,53.3,0.6,0.9,75.0,1.1,2.2,48.4,1.426,0.64
MIA,Kevin Love,PF,23,9,10.9,5.3,1.0,3.1,4.1,1.0,0.7,0.2,0.6,0.9,1.6,1.8,5.0,35.7,1.0,2.9,35.8,0.7,1.0,69.6,0.7,2.1,35.4,1.061,0.46
MIA,Pelle Larsson,G,55,8,14.2,4.6,0.5,1.2,1.7,1.2,0.6,0.1,0.4,1.7,2.7,1.6,3.7,43.8,0.6,1.7,33.7,0.7,1.1,67.2,1.0,2.0,52.8,1.236,0.52
MIA,Thomas Bryant,C,10,0,11.5,4.1,0.6,2.6,3.2,0.4,0.1,0.9,0.2,0.9,2.0,1.2,2.8,42.9,0.6,1.7,35.3,1.1,1.1,100.0,0.6,1.1,54.5,1.464,0.54
MIA,Josh Richardson,SG,8,0,18.6,4.0,0.8,0.8,1.5,1.5,1.0,0.1,1.0,2.1,1.5,1.4,4.8,28.9,0.8,2.8,27.3,0.5,0.5,100.0,0.6,2.0,31.3,0.842,0.37
MIA,Keshad Johnson,F,16,0,6.1,2.7,0.4,1.4,1.8,0.3,0.3,0.3,0.3,0.7,1.0,1.1,1.6,69.2,0.2,0.4,42.9,0.3,0.6,44.4,0.9,1.2,78.9,1.654,0.75
MIA,Josh Christopher,SG,14,0,4.9,2.0,0.0,0.6,0.6,0.6,0.4,0.2,0.4,0.1,1.3,0.8,2.2,35.5,0.1,0.8,18.2,0.3,0.4,66.7,0.6,1.4,45.0,0.903,0.39
MIA,Isaiah Stevens,G,3,0,2.0,0.0,0.0,0.7,0.7,0.0,0.3,0.0,0.0,0.0,0.0,0.0,0.7,0.0,0.0,0.3,0.0,0.0,0.0,0.0,0.0,0.3,0.0,0.000,0.00
MIL,Giannis Antetokounmpo,PF,67,67,34.2,30.4,2.2,9.7,11.9,6.5,0.9,1.2,3.1,2.3,2.1,11.8,19.7,60.1,0.2,0.9,22.2,6.5,10.6,61.7,11.6,18.7,62.0,1.544,0.61
MIL,Damian Lillard,PG,58,58,36.1,24.9,0.5,4.2,4.7,7.1,1.2,0.2,2.8,1.7,2.5,7.7,17.1,44.8,3.4,9.0,37.6,6.2,6.8,92.1,4.3,8.1,52.8,1.459,0.55
MIL,Kyle Kuzma,SF,33,32,31.8,14.5,0.8,4.8,5.6,2.2,0.5,0.4,2.2,2.0,1.0,5.4,11.9,45.5,1.5,4.6,33.3,2.1,3.2,66.3,3.9,7.3,53.3,1.216,0.52
MIL,Bobby Portis,F,49,7,25.4,13.9,1.8,6.6,8.4,2.1,0.7,0.5,1.2,1.9,1.8,5.7,12.1,46.6,1.3,3.6,36.5,1.2,1.5,83.6,4.3,8.5,50.8,1.143,0.52
MIL,Brook Lopez,C,80,80,31.8,13.0,1.4,3.6,5.0,1.8,0.6,1.9,1.1,2.1,1.7,4.9,9.7,50.9,1.7,4.7,37.3,1.4,1.7,82.6,3.2,5.0,63.6,1.345,0.60
MIL,Khris Middleton,SF,23,7,23.2,12.6,0.2,3.5,3.7,4.4,0.7,0.2,1.6,2.3,2.8,4.7,9.2,51.2,1.5,3.7,40.7,1.7,2.0,84.8,3.2,5.4,58.4,1.374,0.59
MIL,Kevin Porter Jr.,G,30,2,19.9,11.7,0.4,3.5,3.9,3.7,1.3,0.1,1.7,1.6,2.2,4.0,8.2,49.4,1.0,2.4,40.8,2.7,3.1,87.1,3.1,5.8,52.9,1.437,0.55
MIL,Gary Trent Jr.,SG,74,9,25.6,11.1,0.3,2.0,2.3,1.2,1.0,0.1,0.6,1.7,2.1,3.8,8.9,43.1,2.4,5.9,41.6,1.1,1.2,84.8,1.4,3.0,46.0,1.254,0.57
MIL,Taurean Prince,PF,80,73,27.1,8.2,0.4,3.2,3.6,1.9,1.0,0.2,1.0,2.1,1.9,2.9,6.4,45.7,1.8,4.2,43.9,0.5,0.6,81.3,1.1,2.2,49.2,1.276,0.60
MIL,AJ Green,G,73,7,22.7,7.4,0.2,2.1,2.4,1.5,0.5,0.1,0.5,2.2,2.7,2.5,5.8,42.9,2.1,5.0,42.7,0.3,0.4,81.5,0.4,0.8,44.3,1.276,0.61
MIL,Ryan Rollins,G,56,19,14.6,6.2,0.4,1.6,1.9,1.9,0.8,0.3,0.9,1.6,2.0,2.4,4.8,48.7,0.9,2.1,40.8,0.6,0.8,80.0,1.5,2.7,55.0,1.288,0.58
MIL,Pat Connaughton,SG,41,1,14.7,5.3,0.5,2.2,2.7,1.7,0.2,0.3,0.6,1.1,2.9,2.0,4.3,46.9,0.6,2.0,32.1,0.6,0.8,77.4,1.4,2.3,59.4,1.220,0.54
MIL,Pete Nance,F,6,1,11.7,3.8,0.5,1.3,1.8,1.2,0.2,0.3,0.7,1.2,1.8,1.5,2.8,52.9,0.8,2.0,41.7,0.0,0.0,0.0,0.7,0.8,80.0,1.353,0.68
MIL,Andre Jackson Jr.,G,67,43,14.6,3.4,1.0,1.7,2.7,1.2,0.5,0.2,0.9,1.7,1.4,1.4,2.9,47.7,0.4,1.1,39.5,0.2,0.4,50.0,1.0,1.8,52.9,1.168,0.55
MIL,Jamaree Bouyea,G,5,1,12.4,3.4,0.2,0.8,1.0,2.0,0.8,0.4,1.6,0.4,1.3,1.2,2.4,50.0,0.2,1.0,20.0,0.8,1.2,66.7,1.0,1.4,71.4,1.417,0.54
MIL,Tyler Smith,F,23,0,5.3,2.9,0.3,0.8,1.1,0.2,0.1,0.2,0.3,0.5,0.5,1.0,2.2,48.0,0.6,1.3,43.3,0.3,0.3,75.0,0.5,0.9,55.0,1.340,0.61
MIL,AJ Johnson,G,7,0,6.3,2.9,0.0,1.0,1.0,1.0,0.1,0.0,0.6,0.0,1.8,1.1,2.7,42.1,0.4,0.7,60.0,0.1,0.3,50.0,0.7,2.0,35.7,1.053,0.50
MIL,Delon Wright,SG,26,2,15.6,2.5,0.6,1.2,1.8,1.8,0.9,0.3,0.5,0.7,3.4,0.8,3.2,26.8,0.5,1.9,24.5,0.3,0.6,56.3,0.4,1.3,30.3,0.793,0.34
MIL,Jericho Sims,C,14,0,15.0,2.4,1.4,3.4,4.9,0.8,0.1,0.6,0.9,1.4,0.9,1.2,1.8,68.0,0.0,0.0,0.0,0.0,0.0,0.0,1.2,1.8,68.0,1.360,0.68
MIL,MarJon Beauchamp,F,26,0,4.7,2.0,0.3,1.0,1.2,0.3,0.1,0.0,0.5,0.4,0.6,0.7,1.8,38.3,0.3,0.8,33.3,0.3,0.5,75.0,0.4,1.0,42.3,1.106,0.46
MIL,Chris Livingston,F,21,1,5.0,1.4,0.5,1.2,1.7,0.2,0.2,0.0,0.3,0.4,0.8,0.4,1.3,33.3,0.0,0.4,0.0,0.6,0.8,75.0,0.4,0.9,47.4,1.111,0.33
MIL,Liam Robbins,C,13,0,4.4,0.7,0.5,0.4,0.9,0.2,0.2,0.2,0.5,0.7,0.3,0.2,0.6,25.0,0.0,0.2,0.0,0.4,0.8,50.0,0.2,0.5,33.3,1.125,0.25
MIL,Stanley Umude,G,22,0,3.9,0.7,0.2,0.6,0.8,0.2,0.1,0.3,0.1,0.4,1.3,0.2,1.2,19.2,0.1,0.7,20.0,0.1,0.2,50.0,0.1,0.5,18.2,0.577,0.25
MIN,Anthony Edwards,SG,79,79,36.3,27.6,0.8,4.9,5.7,4.5,1.2,0.6,3.2,1.9,1.4,9.1,20.4,44.7,4.1,10.3,39.5,5.3,6.3,83.7,5.1,10.1,50.1,1.350,0.55
MIN,Julius Randle,PF,69,69,32.3,18.7,2.1,5.0,7.1,4.7,0.7,0.2,2.8,2.5,1.6,6.6,13.6,48.5,1.6,4.6,34.4,3.9,4.9,80.6,5.0,9.1,55.5,1.372,0.54
MIN,Naz Reid,C,80,17,27.5,14.2,1.2,4.9,6.0,2.3,0.7,0.9,1.4,2.4,1.7,5.3,11.5,46.2,2.2,5.8,37.9,1.4,1.8,77.6,3.1,5.8,54.4,1.233,0.56
MIN,Jaden McDaniels,PF,82,82,31.9,12.2,1.6,4.2,5.7,2.0,1.3,0.9,1.2,2.7,1.7,4.9,10.2,47.7,1.2,3.7,33.0,1.3,1.6,81.3,3.6,6.5,56.1,1.199,0.54
MIN,Rudy Gobert,C,72,72,33.2,12.0,3.7,7.2,10.9,1.8,0.8,1.4,1.2,2.5,1.4,4.7,7.1,66.9,0.0,0.0,0.0,2.6,3.8,67.4,4.7,7.1,66.9,1.698,0.67
MIN,Donte DiVincenzo,SG,62,10,25.9,11.7,0.5,3.2,3.7,3.6,1.2,0.3,1.6,1.8,2.3,4.0,9.6,42.2,2.8,7.1,39.7,0.8,1.0,77.8,1.2,2.5,49.0,1.219,0.57
MIN,Nickeil Alexander-Walker,SG,82,10,25.3,9.4,0.7,2.6,3.2,2.7,0.6,0.4,1.2,1.7,2.3,3.3,7.5,43.8,1.7,4.5,38.1,1.1,1.4,78.0,1.6,3.0,52.4,1.255,0.55
MIN,Mike Conley,PG,71,64,24.7,8.2,0.5,2.1,2.6,4.5,1.1,0.2,1.1,1.6,4.3,2.6,6.6,40.0,1.8,4.4,41.0,1.1,1.3,90.0,0.8,2.2,38.0,1.244,0.54
MIN,Rob Dillingham,G,49,1,10.5,4.5,0.2,0.8,1.0,2.0,0.4,0.0,1.1,0.8,1.8,1.9,4.3,44.1,0.5,1.5,33.8,0.2,0.3,53.3,1.4,2.8,49.6,1.038,0.50
MIN,Terrence Shannon Jr.,G,32,1,10.6,4.3,0.3,1.2,1.5,1.0,0.2,0.2,0.5,0.8,2.1,1.7,3.6,48.2,0.3,1.0,35.5,0.5,0.7,81.0,1.4,2.6,53.0,1.211,0.53
MIN,Jaylen Clark,G,40,4,13.1,4.1,0.7,0.7,1.3,0.7,0.9,0.1,0.2,1.5,3.3,1.4,3.0,46.7,0.6,1.3,43.1,0.7,0.9,78.4,0.9,1.7,49.3,1.358,0.56
MIN,Luka Garza,C,39,0,5.6,3.5,0.8,0.6,1.4,0.3,0.2,0.1,0.3,0.7,0.9,1.3,2.7,49.5,0.3,0.9,27.8,0.6,0.9,68.6,1.1,1.8,60.9,1.314,0.54
MIN,Josh Minott,F,46,0,6.0,2.6,0.3,0.8,1.0,0.4,0.3,0.3,0.2,0.7,1.6,1.0,2.0,48.9,0.3,0.9,32.6,0.4,0.4,89.5,0.7,1.0,63.8,1.322,0.57
MIN,Leonard Miller,F,13,0,2.5,1.5,0.2,0.6,0.8,0.0,0.2,0.1,0.2,0.2,0.0,0.5,1.2,40.0,0.0,0.4,0.0,0.6,0.6,100.0,0.5,0.8,60.0,1.333,0.40
MIN,Bones Hyland,PG,4,0,4.3,1.3,0.0,0.3,0.3,1.0,0.0,0.0,0.3,0.8,4.0,0.5,0.8,66.7,0.3,0.5,50.0,0.0,0.0,0.0,0.3,0.3,100.0,1.667,0.83
MIN,Joe Ingles,SG,19,1,6.0,0.8,0.1,0.5,0.6,1.2,0.1,0.0,0.5,0.6,2.6,0.3,1.2,26.1,0.2,0.8,20.0,0.0,0.0,0.0,0.2,0.4,37.5,0.652,0.33
MIN,PJ Dozier,G,9,0,3.9,0.8,0.1,0.4,0.6,0.6,0.1,0.0,0.1,0.3,5.0,0.2,0.3,66.7,0.2,0.3,66.7,0.1,0.7,16.7,0.0,0.0,0.0,2.333,1.00
MIN,Daishen Nix,SG,3,0,4.3,0.3,0.0,1.3,1.3,1.0,0.0,0.0,1.3,0.3,0.8,0.0,0.3,0.0,0.0,0.3,0.0,0.3,0.7,50.0,0.0,0.0,0.0,1.000,0.00
MIN,Jesse Edwards,C,2,0,2.5,0.0,0.0,0.0,0.0,0.5,0.0,0.0,0.0,1.0,0.0,0.0,0.0,0.0,0.0,0.0,0.0,0.0,0.0,0.0,0.0,0.0,0.0,0.000,0.00
MIN,Tristen Newton,G,3,0,2.7,0.0,0.7,0.7,1.3,0.3,0.3,0.0,0.3,0.7,1.0,0.0,0.7,0.0,0.0,0.0,0.0,0.0,0.0,0.0,0.0,0.7,0.0,0.000,0.00
NO,Zion Williamson,PF,30,30,28.6,24.6,2.5,4.7,7.2,5.3,1.2,0.9,3.0,2.7,1.8,9.6,16.9,56.7,0.1,0.4,23.1,5.3,8.0,65.6,9.5,16.5,57.6,1.451,0.57
NO,Brandon Ingram,SF,18,18,33.1,22.2,0.9,4.6,5.6,5.2,0.9,0.6,3.8,2.5,1.3,8.6,18.5,46.5,2.4,6.4,37.4,2.6,3.1,85.5,6.2,12.1,51.4,1.201,0.53
NO,Trey Murphy III,SG,53,51,35.0,21.2,0.9,4.2,5.1,3.5,1.1,0.7,1.9,2.1,1.8,7.2,15.8,45.4,3.0,8.3,36.1,3.8,4.3,88.7,4.2,7.6,55.6,1.340,0.55
NO,CJ McCollum,SG,56,56,32.7,21.1,0.8,3.0,3.8,4.1,0.8,0.4,1.9,2.2,2.1,7.9,17.9,44.4,3.1,8.2,37.3,2.2,3.1,71.7,4.9,9.7,50.5,1.183,0.53
NO,Dejounte Murray,SG,31,31,32.6,17.5,0.5,5.9,6.5,7.4,2.0,0.4,3.4,2.0,2.2,6.3,15.9,39.3,1.7,5.6,29.9,3.3,4.0,82.3,4.6,10.3,44.4,1.097,0.45
NO,Jordan Hawkins,G,56,9,23.6,10.8,0.4,2.4,2.8,1.2,0.5,0.4,1.0,0.9,1.1,3.7,9.9,37.2,2.0,5.9,33.1,1.4,1.8,81.6,1.7,4.0,43.3,1.086,0.47
NO,Brandon Boston,SG,42,10,23.6,10.7,0.7,2.5,3.2,2.2,1.3,0.2,1.2,1.7,1.8,4.0,9.1,43.6,1.2,3.3,35.0,1.6,2.0,78.8,2.8,5.7,48.5,1.176,0.50
NO,Kelly Olynyk,PF,20,20,25.4,10.7,1.9,4.0,5.9,3.6,0.9,0.6,2.1,3.2,1.8,3.8,7.5,50.0,0.7,1.8,38.9,2.5,3.3,75.4,3.1,5.7,53.5,1.420,0.55
NO,Jose Alvarado,PG,56,23,24.4,10.3,0.5,1.9,2.4,4.6,1.3,0.3,1.5,1.6,3.0,3.6,9.3,39.2,2.0,5.5,35.9,1.1,1.3,81.1,1.7,3.8,43.9,1.111,0.50
NO,Herbert Jones,SF,20,20,32.4,10.3,1.1,2.8,3.9,3.3,1.9,0.5,1.8,3.3,1.9,3.8,8.6,43.6,1.1,3.6,30.6,1.7,2.0,82.5,2.7,5.0,53.0,1.192,0.50
NO,Keion Brooks Jr.,SF,14,6,23.7,10.1,0.9,3.3,4.1,0.9,0.7,0.7,0.9,2.1,1.1,3.8,7.8,48.6,1.0,3.1,32.6,1.6,2.1,73.3,2.8,4.7,59.1,1.303,0.55
NO,Yves Missi,C,73,67,26.8,9.1,3.5,4.7,8.2,1.4,0.5,1.3,1.1,2.0,1.2,3.7,6.7,54.7,0.0,0.0,0.0,1.7,2.8,62.3,3.7,6.7,54.8,1.352,0.55
NO,Lester Quinones,G,9,0,18.4,8.6,0.1,1.6,1.7,2.6,0.3,0.2,1.1,2.0,2.3,3.0,7.8,38.6,1.4,4.6,31.7,1.1,1.3,83.3,1.6,3.2,48.3,1.100,0.48
NO,Jaylen Nowell,G,8,0,21.0,8.4,0.8,1.8,2.5,2.3,0.1,0.5,1.0,1.1,2.3,3.3,9.1,35.6,1.0,3.4,29.6,0.9,1.4,63.6,2.3,5.8,39.1,0.918,0.41
NO,Bruce Brown,SF,23,12,24.7,8.2,1.0,3.2,4.2,2.4,0.7,0.3,0.9,2.0,2.8,3.2,7.7,41.0,0.7,2.0,35.6,1.2,1.6,75.0,2.5,5.8,42.9,1.062,0.46
NO,Karlo Matkovic,C,42,7,18.8,7.7,1.5,3.5,5.0,1.1,0.5,1.0,1.0,2.5,1.1,3.2,5.6,57.4,0.5,1.6,31.8,0.8,1.0,77.3,2.7,4.0,67.5,1.383,0.62
NO,Antonio Reeves,G,44,6,15.0,6.9,0.4,1.0,1.4,0.9,0.5,0.1,0.7,0.9,1.3,2.6,5.6,45.6,1.2,2.9,39.5,0.6,0.8,80.0,1.4,2.7,52.1,1.230,0.56
NO,Jeremiah Robinson-Earl,F,66,9,18.8,6.3,1.7,3.1,4.8,1.3,0.6,0.1,0.8,1.2,1.7,2.4,5.3,45.5,0.8,2.5,34.1,0.7,0.8,83.6,1.5,2.8,55.7,1.205,0.54
NO,Javonte Green,G,50,18,21.8,5.8,1.0,2.6,3.6,0.9,1.1,0.6,0.6,1.5,1.6,2.0,4.5,44.6,0.8,2.2,35.2,1.0,1.3,75.8,1.2,2.3,53.4,1.286,0.53
NO,Jamal Cain,F,37,0,13.6,5.3,0.7,1.6,2.3,0.6,0.6,0.2,0.6,1.2,1.0,1.8,4.3,43.0,0.7,2.2,32.5,0.9,1.4,68.0,1.1,2.1,53.8,1.241,0.51
NO,Elfrid Payton,G,18,7,21.5,4.4,0.8,2.9,3.7,8.1,1.0,0.4,2.9,1.3,2.8,2.1,5.6,36.6,0.1,0.3,16.7,0.2,0.4,57.1,2.0,5.3,37.9,0.782,0.37
NO,Daniel Theis,C,38,9,16.3,4.3,1.2,3.2,4.3,1.6,0.5,0.5,0.7,1.8,2.4,1.6,3.4,47.3,0.2,1.0,24.3,0.8,1.0,83.8,1.4,2.4,56.5,1.256,0.51
NO,Kylor Kelley,C,3,1,19.7,3.3,1.3,4.7,6.0,1.0,0.3,0.3,1.0,2.3,1.0,1.3,3.0,44.4,0.0,0.0,0.0,0.7,1.3,50.0,1.3,3.0,44.4,1.111,0.44
NO,Mo Bamba,C,4,0,15.3,2.5,1.5,4.8,6.3,0.5,0.0,0.8,0.3,1.8,2.0,1.0,2.3,44.4,0.0,1.0,0.0,0.5,0.5,100.0,1.0,1.3,80.0,1.111,0.44
NO,Trey Jemison III,C,16,0,10.4,2.4,1.4,1.4,2.8,0.6,0.4,0.4,0.6,1.7,1.0,0.9,2.0,46.9,0.0,0.0,0.0,0.5,1.3,38.1,0.9,2.0,46.9,1.188,0.47
NY,Jalen Brunson,PG,65,65,35.4,26.0,0.4,2.5,2.9,7.3,0.9,0.1,2.5,2.1,2.9,9.0,18.5,48.8,2.3,6.1,38.3,5.7,6.9,82.1,6.7,12.4,53.9,1.408,0.55
NY,Karl-Anthony Towns,C,72,72,35.0,24.4,2.9,9.8,12.8,3.1,1.0,0.7,2.7,3.5,1.2,8.9,16.9,52.6,2.0,4.7,42.0,4.7,5.7,82.9,6.9,12.2,56.7,1.448,0.58
NY,OG Anunoby,SF,74,74,36.6,18.0,1.3,3.5,4.8,2.2,1.5,0.9,1.4,2.3,1.6,6.6,13.9,47.6,2.3,6.2,37.2,2.5,3.1,81.0,4.3,7.7,56.1,1.297,0.56
NY,Mikal Bridges,SF,82,82,37.0,17.6,0.9,2.3,3.2,3.7,0.9,0.5,1.6,1.5,2.3,7.2,14.4,50.0,2.0,5.6,35.4,1.2,1.4,81.4,5.2,8.8,59.4,1.221,0.57
NY,Josh Hart,SG,77,77,37.6,13.6,2.1,7.5,9.6,5.9,1.5,0.4,2.1,2.6,2.9,5.2,10.0,52.5,1.1,3.3,33.3,2.1,2.7,77.6,4.2,6.7,61.8,1.365,0.58
NY,Miles McBride,PG,64,10,24.9,9.5,0.7,1.8,2.5,2.9,1.0,0.3,0.6,1.7,4.6,3.5,8.5,40.6,1.8,4.9,36.9,0.8,1.0,81.3,1.7,3.7,45.5,1.117,0.51
NY,Cameron Payne,PG,72,5,15.1,6.9,0.2,1.3,1.4,2.8,0.5,0.2,0.7,1.5,3.9,2.5,6.2,40.1,1.3,3.6,36.3,0.7,0.8,90.7,1.2,2.6,45.3,1.121,0.51
NY,Precious Achiuwa,PF,57,10,20.5,6.6,1.8,3.8,5.6,1.0,0.8,0.7,0.8,1.4,1.2,2.9,5.7,50.2,0.2,0.6,27.8,0.7,1.2,59.4,2.7,5.1,52.9,1.159,0.52
NY,Landry Shamet,SG,50,0,15.2,5.7,0.2,1.0,1.2,0.5,0.5,0.0,0.4,1.0,1.2,2.1,4.6,46.1,1.2,3.1,39.7,0.2,0.4,66.7,0.9,1.5,59.5,1.243,0.60
NY,Mitchell Robinson,C,17,3,17.1,5.1,3.1,2.9,5.9,0.8,0.9,1.1,0.6,1.5,1.3,2.2,3.3,66.1,0.0,0.0,0.0,0.8,1.1,68.4,2.2,3.3,66.1,1.554,0.66
NY,Delon Wright,SG,14,5,16.4,4.3,0.9,0.6,1.4,2.1,0.9,0.2,0.6,0.6,3.6,1.6,3.5,46.9,0.6,1.7,33.3,0.4,0.6,66.7,1.1,1.8,60.0,1.224,0.55
NY,P.J. Tucker,PF,3,1,19.3,3.0,1.3,1.3,2.7,0.0,0.3,0.3,0.3,2.7,0.0,1.0,2.3,42.9,1.0,2.0,50.0,0.0,0.0,0.0,0.0,0.3,0.0,1.286,0.64
NY,MarJon Beauchamp,F,6,0,2.8,2.5,0.3,1.2,1.5,0.2,0.2,0.0,0.2,0.3,1.0,0.8,1.8,45.5,0.2,0.8,20.0,0.7,0.7,100.0,0.7,1.0,66.7,1.364,0.50
NY,Tyler Kolek,G,41,0,7.2,2.0,0.2,0.5,0.7,1.7,0.3,0.1,0.4,0.6,3.9,0.7,2.0,32.9,0.3,1.1,29.8,0.3,0.4,76.5,0.3,0.9,37.1,0.988,0.41
NY,Ariel Hukporti,C,25,1,8.7,1.9,0.6,1.5,2.0,0.4,0.0,0.6,0.8,1.3,0.5,0.8,1.2,67.7,0.0,0.0,0.0,0.2,0.5,46.2,0.8,1.2,67.7,1.548,0.68
NY,Pacome Dadiet,G,18,0,6.2,1.7,0.2,0.8,1.0,0.3,0.2,0.1,0.2,0.4,1.3,0.6,1.7,32.3,0.3,1.1,31.6,0.2,0.3,66.7,0.2,0.7,33.3,0.968,0.42
NY,Jericho Sims,C,39,5,10.8,1.6,1.3,2.0,3.3,0.6,0.2,0.3,0.5,1.2,1.0,0.7,1.2,60.9,0.0,0.0,0.0,0.2,0.3,61.5,0.7,1.2,60.9,1.391,0.61
NY,Kevin McCullar Jr.,F,4,0,7.3,1.5,0.0,2.0,2.0,0.5,0.3,0.3,0.0,1.5,0.0,0.5,1.8,28.6,0.0,0.3,0.0,0.5,0.5,100.0,0.5,1.5,33.3,0.857,0.29
NY,Matt Ryan,F,19,0,3.6,1.5,0.0,0.4,0.4,0.2,0.1,0.0,0.2,0.1,1.0,0.5,1.6,32.3,0.3,1.0,31.6,0.1,0.1,100.0,0.2,0.6,33.3,0.903,0.42
NY,Anton Watson,F,9,0,2.4,0.9,0.1,0.2,0.3,0.2,0.1,0.0,0.2,0.3,1.0,0.4,1.0,44.4,0.0,0.1,0.0,0.0,0.0,0.0,0.4,0.9,50.0,0.889,0.44
NY,Jacob Toppin,F,16,0,3.1,0.4,0.1,0.6,0.7,0.3,0.1,0.0,0.1,0.2,2.0,0.2,0.6,30.0,0.0,0.1,0.0,0.0,0.0,0.0,0.2,0.5,37.5,0.600,0.30
OKC,Shai Gilgeous-Alexander,PG,76,76,34.2,32.7,0.9,4.1,5.0,6.4,1.7,1.0,2.4,2.2,2.7,11.3,21.8,51.9,2.1,5.7,37.5,7.9,8.8,89.8,9.2,16.1,57.1,1.500,0.57
OKC,Jalen Williams,F,69,69,32.4,21.6,0.9,4.5,5.3,5.1,1.6,0.7,2.2,2.3,2.4,8.2,16.9,48.4,1.8,4.9,36.5,3.4,4.3,78.9,6.4,12.0,53.3,1.276,0.54
OKC,Chet Holmgren,PF,32,32,27.4,15.0,1.5,6.5,8.0,2.0,0.7,2.2,1.8,2.3,1.1,5.2,10.7,49.0,1.4,3.6,37.9,3.2,4.2,75.4,3.8,7.0,54.7,1.405,0.55
OKC,Aaron Wiggins,SG,76,26,22.9,12.0,1.1,2.8,3.9,1.8,0.8,0.2,0.9,1.3,1.9,4.7,9.6,48.8,1.7,4.5,38.3,1.0,1.2,83.1,3.0,5.1,57.8,1.255,0.58
OKC,Isaiah Hartenstein,C,57,53,27.9,11.2,2.9,7.9,10.7,3.8,0.8,1.1,1.7,3.0,2.3,4.9,8.4,58.1,0.0,0.3,0.0,1.4,2.1,67.5,4.9,8.1,60.5,1.327,0.58
OKC,Isaiah Joe,SG,74,16,21.7,10.2,0.6,2.1,2.6,1.6,0.6,0.1,0.5,1.5,3.1,3.5,7.9,44.0,2.6,6.3,41.2,0.6,0.8,82.1,0.9,1.6,54.9,1.286,0.60
OKC,Luguentz Dort,G,71,71,29.2,10.1,1.3,2.9,4.1,1.6,1.1,0.5,0.7,2.9,2.3,3.6,8.4,43.5,2.4,5.8,41.2,0.5,0.6,71.7,1.2,2.5,48.9,1.212,0.58
OKC,Cason Wallace,G,68,43,27.6,8.4,1.0,2.3,3.4,2.5,1.8,0.5,0.9,2.1,2.9,3.4,7.2,47.4,1.1,3.1,35.6,0.4,0.5,81.1,2.3,4.1,56.2,1.162,0.55
OKC,Alex Caruso,SG,54,3,19.3,7.1,0.7,2.2,2.9,2.5,1.6,0.6,0.7,1.9,3.7,2.6,5.8,44.6,1.1,3.1,35.3,0.8,0.9,82.4,1.5,2.7,55.6,1.217,0.54
OKC,Ajay Mitchell,G,36,1,16.6,6.5,0.5,1.4,1.9,1.8,0.7,0.1,0.8,1.9,2.2,2.5,5.1,49.5,0.6,1.7,38.3,0.8,1.0,82.9,1.9,3.4,54.8,1.272,0.56
OKC,Kenrich Williams,SF,69,7,16.4,6.3,0.9,2.6,3.5,1.4,0.6,0.1,0.6,1.6,2.5,2.5,5.1,48.3,1.0,2.5,38.6,0.4,0.6,71.8,1.5,2.7,57.4,1.232,0.58
OKC,Jaylin Williams,F,47,9,16.7,5.9,1.0,4.6,5.6,2.6,0.5,0.6,0.7,1.7,3.4,2.1,4.7,43.9,1.3,3.3,39.9,0.5,0.6,76.7,0.8,1.4,52.9,1.258,0.58
OKC,Ousmane Dieng,F,37,1,10.9,3.8,0.5,1.7,2.2,0.8,0.5,0.2,0.5,0.9,1.7,1.5,3.4,43.2,0.6,1.9,32.4,0.3,0.4,68.8,0.8,1.5,57.4,1.136,0.52
OKC,Branden Carlson,C,32,0,7.7,3.8,0.5,1.2,1.7,0.4,0.2,0.7,0.2,0.7,2.0,1.3,3.0,44.3,0.7,2.1,33.3,0.4,0.6,77.8,0.7,1.0,67.7,1.258,0.56
OKC,Dillon Jones,F,54,3,10.2,2.5,0.6,1.7,2.2,1.1,0.3,0.1,0.5,1.0,2.1,0.9,2.5,38.3,0.3,1.2,25.4,0.3,0.5,60.7,0.6,1.3,50.0,1.015,0.44
OKC,Alex Reese,F,1,0,2.0,2.0,1.0,0.0,1.0,0.0,0.0,0.0,0.0,0.0,0.0,1.0,1.0,100.0,0.0,0.0,0.0,0.0,0.0,0.0,1.0,1.0,100.0,2.000,1.00
OKC,Adam Flagler,F,37,0,5.5,1.8,0.2,0.5,0.7,0.3,0.2,0.1,0.1,0.4,3.0,0.7,2.6,26.0,0.4,1.9,19.4,0.0,0.1,50.0,0.3,0.6,45.8,0.677,0.33
OKC,Alex Ducas,G,21,0,6.0,1.7,0.4,0.8,1.2,0.2,0.2,0.0,0.2,0.6,1.3,0.6,1.4,40.0,0.5,1.0,47.6,0.1,0.1,100.0,0.1,0.4,22.2,1.200,0.57
OKC,Malevy Leons,F,6,0,3.5,0.3,0.2,0.3,0.5,0.2,0.0,0.0,0.2,0.7,1.0,0.0,0.3,0.0,0.0,0.2,0.0,0.3,0.7,50.0,0.0,0.2,0.0,1.000,0.00
ORL,Paolo Banchero,PF,46,46,34.4,25.9,1.1,6.4,7.5,4.8,0.8,0.6,3.0,2.1,1.6,9.0,19.8,45.2,1.9,5.9,32.0,6.1,8.4,72.7,7.1,13.9,50.9,1.307,0.50
ORL,Franz Wagner,SF,60,60,33.7,24.2,0.9,4.8,5.7,4.7,1.3,0.4,2.3,2.5,2.1,9.0,19.4,46.3,1.7,5.9,29.5,4.5,5.2,87.1,7.2,13.5,53.5,1.248,0.51
ORL,Jalen Suggs,SG,35,35,28.6,16.2,0.7,3.4,4.0,3.7,1.5,0.9,2.9,2.8,1.3,5.6,13.7,41.0,2.2,6.9,31.4,2.8,3.1,88.2,3.5,6.8,50.6,1.179,0.49
ORL,Moritz Wagner,C,30,1,18.8,12.9,1.3,3.6,4.9,1.4,0.8,0.4,1.6,1.8,0.9,4.7,8.3,56.2,0.9,2.5,36.0,2.6,3.7,71.8,3.8,5.8,64.9,1.550,0.62
ORL,Anthony Black,G,78,10,24.2,9.4,0.7,2.3,2.9,3.1,1.1,0.6,1.8,2.1,1.7,3.4,7.9,42.3,0.8,2.5,31.8,1.9,2.5,76.1,2.6,5.4,47.1,1.187,0.47
ORL,Cole Anthony,PG,67,22,18.4,9.4,0.7,2.4,3.0,2.9,0.7,0.5,1.5,2.3,1.9,3.4,8.1,42.4,1.1,3.3,35.3,1.4,1.7,82.3,2.3,4.9,47.1,1.160,0.49
ORL,Wendell Carter Jr.,C,68,51,25.9,9.1,2.2,5.0,7.2,2.0,0.8,0.6,1.1,2.9,1.7,3.3,7.2,46.0,0.5,2.3,23.4,1.9,2.6,73.7,2.8,4.9,56.8,1.259,0.50
ORL,Kentavious Caldwell-Pope,SG,77,77,29.6,8.7,0.4,1.8,2.2,1.8,1.3,0.4,0.8,1.8,2.2,3.1,7.1,43.9,1.5,4.3,34.2,1.1,1.2,86.3,1.6,2.8,58.9,1.237,0.54
ORL,Tristan da Silva,F,74,38,22.0,7.2,1.0,2.3,3.3,1.5,0.4,0.2,0.8,1.3,2.0,2.7,6.5,41.2,1.1,3.2,33.5,0.7,0.9,87.3,1.6,3.3,48.8,1.104,0.49
ORL,Goga Bitadze,C,70,42,20.4,7.2,2.4,4.2,6.6,2.0,0.7,1.4,1.0,2.1,1.9,3.0,4.8,61.1,0.0,0.4,10.7,1.2,1.9,63.9,2.9,4.4,65.6,1.481,0.62
ORL,Jonathan Isaac,PF,71,1,15.4,5.4,1.7,2.7,4.4,0.6,0.9,1.1,0.5,1.3,1.2,1.9,4.6,41.4,0.5,2.1,25.8,1.0,1.5,68.2,1.3,2.4,54.9,1.173,0.47
ORL,Trevelin Queen,SG,31,2,13.9,4.9,0.8,0.9,1.7,1.2,1.0,0.3,0.7,1.2,1.7,1.8,4.7,38.1,0.7,2.5,28.6,0.6,0.7,85.7,1.1,2.3,48.6,1.034,0.46
ORL,Jett Howard,G,60,0,11.7,4.5,0.3,0.8,1.2,0.7,0.2,0.2,0.6,1.1,1.2,1.6,4.4,37.4,0.9,3.1,29.6,0.3,0.4,69.6,0.7,1.3,56.6,1.019,0.48
ORL,Caleb Houstan,G,58,6,13.6,4.1,0.3,1.0,1.3,0.6,0.4,0.1,0.2,1.1,2.7,1.4,3.3,42.1,1.1,2.8,40.0,0.3,0.3,88.2,0.3,0.5,53.3,1.258,0.59
ORL,Cory Joseph,PG,50,16,12.2,3.5,0.3,1.1,1.5,1.4,0.5,0.1,0.4,1.0,4.0,1.2,3.1,40.3,0.8,2.1,36.4,0.3,0.4,77.8,0.5,0.9,48.9,1.149,0.53
ORL,Gary Harris,SG,48,3,14.8,3.0,0.4,0.9,1.3,0.6,0.5,0.3,0.4,0.9,1.8,1.1,2.8,38.3,0.8,2.1,35.6,0.1,0.3,58.3,0.3,0.7,46.9,1.090,0.52
ORL,Mac McClung,G,2,0,5.0,0.0,0.0,0.5,0.5,1.5,0.0,0.0,0.0,1.0,0.0,0.0,1.0,0.0,0.0,0.5,0.0,0.0,0.0,0.0,0.0,0.5,0.0,0.000,0.00
PHI,Tyrese Maxey,PG,52,52,37.7,26.3,0.3,3.1,3.3,6.1,1.8,0.4,2.4,2.2,2.6,9.2,21.0,43.7,3.1,9.2,33.7,4.9,5.6,87.9,6.1,11.8,51.5,1.255,0.51
PHI,Joel Embiid,C,19,19,30.2,23.8,1.9,6.3,8.2,4.5,0.7,0.9,3.3,2.2,1.4,7.4,16.6,44.4,1.2,4.1,29.9,7.8,8.9,88.2,6.2,12.5,49.2,1.435,0.48
PHI,Quentin Grimes,SG,28,25,33.7,21.9,1.0,4.1,5.2,4.5,1.5,0.4,2.9,2.1,1.6,7.7,16.4,46.9,2.9,7.9,37.3,3.6,4.8,75.2,4.8,8.5,55.9,1.336,0.56
PHI,Paul George,F,41,41,32.5,16.2,0.6,4.8,5.3,4.3,1.8,0.5,2.6,2.5,1.7,6.0,13.9,43.0,2.3,6.5,35.8,1.9,2.4,81.4,3.6,7.4,49.3,1.167,0.51
PHI,Jared McCain,G,23,8,25.7,15.3,0.6,1.9,2.4,2.6,0.7,0.0,1.6,1.6,1.6,5.5,11.9,46.0,2.2,5.8,38.3,2.1,2.4,87.5,3.3,6.1,53.2,1.285,0.55
PHI,Kelly Oubre Jr.,SG,60,57,34.6,15.1,1.6,4.5,6.1,1.8,1.5,0.5,1.3,3.0,1.4,5.8,12.4,47.0,1.2,4.0,29.3,2.3,3.1,75.1,4.6,8.3,55.5,1.223,0.52
PHI,Lonnie Walker IV,G,20,7,23.9,12.4,0.3,2.9,3.2,2.5,0.5,0.3,1.3,1.4,2.0,4.5,10.6,42.0,2.3,6.4,35.4,1.2,1.5,80.0,2.2,4.3,51.8,1.165,0.53
PHI,Jared Butler,SG,28,17,24.4,11.5,0.4,2.1,2.5,4.9,1.1,0.3,1.8,2.0,2.7,4.2,9.9,42.6,1.6,4.6,35.2,1.4,1.6,87.0,2.6,5.3,49.0,1.159,0.51
PHI,Guerschon Yabusele,F,70,43,27.1,11.0,1.9,3.7,5.6,2.1,0.8,0.3,1.2,2.3,1.7,4.0,8.0,50.1,1.5,3.9,38.0,1.4,2.0,72.5,2.5,4.1,61.6,1.364,0.59
PHI,Justin Edwards,F,44,26,26.3,10.1,1.0,2.3,3.4,1.6,1.0,0.4,1.1,2.2,1.4,3.9,8.6,45.5,1.6,4.3,36.3,0.7,1.0,69.6,2.3,4.3,54.8,1.177,0.55
PHI,Caleb Martin,SF,31,24,30.4,9.1,1.4,3.0,4.4,2.2,1.1,0.6,1.4,2.0,1.6,3.3,7.5,43.5,1.1,2.8,37.9,1.5,2.4,62.2,2.2,4.7,46.9,1.211,0.51
PHI,Oshae Brissett,SF,6,2,23.7,8.7,1.2,2.5,3.7,0.7,0.7,0.5,1.3,2.3,0.5,3.2,6.5,48.7,1.0,3.0,33.3,1.3,2.3,57.1,2.2,3.5,61.9,1.333,0.56
PHI,Jalen Hood-Schifino,G,13,0,23.2,7.8,0.2,1.8,2.0,2.8,0.4,0.5,1.3,1.7,2.1,2.8,7.5,37.1,1.1,3.5,30.4,1.2,1.5,84.2,1.7,3.9,43.1,1.052,0.44
PHI,Andre Drummond,C,40,23,18.8,7.3,2.7,5.0,7.8,0.9,1.0,0.5,1.4,2.4,0.6,2.9,5.9,50.0,0.1,0.5,15.0,1.4,2.3,62.2,2.9,5.4,53.3,1.252,0.51
PHI,Ricky Council IV,G,73,12,17.1,7.3,0.7,2.2,2.9,1.3,0.4,0.2,0.7,0.9,1.9,2.4,6.3,38.2,0.8,2.9,25.8,1.7,2.1,80.4,1.7,3.4,48.8,1.149,0.44
PHI,Jeff Dowtin Jr.,G,41,3,15.1,7.0,0.3,1.2,1.5,1.9,0.6,0.3,0.4,0.7,5.2,2.7,5.6,48.7,0.7,1.7,40.0,0.8,1.1,73.3,2.0,3.9,52.5,1.239,0.55
PHI,Chuma Okeke,PF,7,3,24.4,6.9,2.9,3.3,6.1,1.9,0.7,0.4,0.4,0.7,4.3,2.6,4.7,54.5,1.4,3.1,45.5,0.3,0.4,66.7,1.1,1.6,72.7,1.455,0.70
PHI,Eric Gordon,SG,39,13,19.7,6.8,0.2,1.0,1.2,1.7,0.7,0.3,0.7,0.8,2.3,2.2,5.2,42.6,1.4,3.5,40.9,0.9,1.2,75.0,0.8,1.7,46.3,1.304,0.56
PHI,Marcus Bagley,F,10,4,25.3,6.7,2.3,4.7,7.0,1.0,0.9,1.2,0.7,1.6,1.4,2.7,6.9,39.1,0.5,3.2,15.6,0.8,1.0,80.0,2.2,3.7,59.5,0.971,0.43
PHI,KJ Martin,F,24,7,20.0,6.4,0.9,2.1,3.0,0.8,0.5,0.7,0.5,2.6,1.6,2.5,4.1,61.6,0.3,0.9,38.1,1.0,1.2,82.8,2.2,3.3,67.9,1.556,0.66
PHI,Colin Castleton,C,5,0,19.6,6.0,3.2,4.2,7.4,2.0,0.2,0.2,0.2,2.6,10.0,2.4,4.8,50.0,0.0,0.8,0.0,1.2,1.8,66.7,2.4,4.0,60.0,1.250,0.50
PHI,Isaiah Mobley,F,1,0,17.0,6.0,1.0,3.0,4.0,5.0,1.0,1.0,0.0,3.0,0.0,2.0,7.0,28.6,1.0,3.0,33.3,1.0,2.0,50.0,1.0,4.0,25.0,0.857,0.36
PHI,David Roddy,F,3,0,9.7,6.0,0.7,2.3,3.0,1.0,0.7,0.0,0.3,0.3,3.0,2.7,6.3,42.1,0.7,3.7,18.2,0.0,0.0,0.0,2.0,2.7,75.0,0.947,0.47
PHI,Adem Bona,C,58,11,15.6,5.8,1.6,2.6,4.2,0.5,0.4,1.2,1.1,2.2,0.4,2.3,3.3,70.3,0.0,0.0,0.0,1.2,1.7,67.0,2.3,3.3,70.7,1.755,0.70
PHI,Alex Reese,F,14,0,15.3,5.3,0.6,2.7,3.3,0.3,0.7,0.7,0.4,1.5,0.7,1.8,3.8,47.2,1.1,2.9,36.6,0.6,0.9,75.0,0.7,0.9,83.3,1.396,0.61
PHI,Reggie Jackson,PG,31,1,12.4,4.4,0.3,1.1,1.4,1.5,0.5,0.1,0.5,1.1,2.6,1.7,4.3,39.1,0.8,2.4,33.8,0.2,0.3,77.8,0.9,1.9,45.8,1.023,0.48
PHI,Kyle Lowry,PG,35,12,18.8,3.9,0.3,1.6,1.9,2.7,0.9,0.3,0.6,1.8,4.6,1.2,3.3,35.0,0.8,2.5,33.0,0.8,0.9,81.8,0.3,0.8,41.4,1.179,0.47
PHI,Lester Quinones,G,4,0,4.3,2.3,0.8,0.3,1.0,0.3,0.0,0.0,1.0,0.0,0.3,1.0,2.0,50.0,0.0,0.8,0.0,0.3,0.3,100.0,1.0,1.3,80.0,1.125,0.50
PHI,Pete Nance,F,7,0,9.7,2.1,0.3,1.1,1.4,0.4,0.1,0.0,0.0,1.4,0.0,0.7,2.1,33.3,0.6,1.7,33.3,0.1,0.3,50.0,0.1,0.4,33.3,1.000,0.47
PHI,Phillip Wheeler,F,5,0,8.8,1.6,0.4,1.2,1.6,0.4,0.2,0.4,0.2,0.2,2.0,0.6,4.2,14.3,0.0,2.0,0.0,0.4,0.4,100.0,0.6,2.2,27.3,0.381,0.14
PHX,Kevin Durant,PF,62,62,36.5,26.6,0.4,5.7,6.0,4.2,0.8,1.2,3.1,1.7,1.4,9.5,18.1,52.7,2.6,6.0,43.0,4.9,5.8,83.9,7.0,12.1,57.4,1.465,0.60
PHX,Devin Booker,SG,75,75,37.3,25.6,1.0,3.1,4.1,7.1,0.9,0.2,2.9,2.6,2.4,8.7,18.9,46.1,2.4,7.3,33.2,5.8,6.4,89.4,6.3,11.6,54.2,1.354,0.53
PHX,Bradley Beal,SG,53,38,32.1,17.0,0.6,2.7,3.3,3.7,1.1,0.5,1.9,2.6,2.0,6.5,13.1,49.7,1.9,5.0,38.6,2.1,2.6,80.3,4.6,8.1,56.5,1.300,0.57
PHX,Grayson Allen,SG,64,7,24.1,10.6,0.5,2.5,3.0,2.1,0.8,0.3,1.2,1.5,1.8,3.4,7.6,44.8,2.3,5.5,42.6,1.5,1.8,81.6,1.1,2.2,50.4,1.391,0.60
PHX,Tyus Jones,PG,81,58,26.8,10.2,0.5,1.9,2.4,5.3,0.9,0.1,1.1,0.8,4.7,3.8,8.4,44.8,2.0,5.0,41.4,0.6,0.7,89.5,1.7,3.5,49.6,1.214,0.57
PHX,Nick Richards,C,36,34,22.7,9.5,2.7,5.9,8.6,0.6,0.2,0.8,1.3,2.6,0.4,3.9,6.5,60.5,0.0,0.0,0.0,1.7,2.0,82.2,3.9,6.4,60.8,1.468,0.61
PHX,Royce O'Neale,PF,75,22,24.5,9.1,0.7,3.9,4.7,2.2,0.9,0.5,0.9,2.0,2.5,3.2,7.6,42.3,2.4,5.9,40.6,0.3,0.3,73.1,0.8,1.7,48.1,1.193,0.58
PHX,Jusuf Nurkic,C,25,23,23.7,8.6,1.8,7.3,9.2,1.9,0.9,0.6,2.3,3.1,0.8,3.0,6.5,45.4,0.8,2.4,32.2,1.9,2.8,69.6,2.2,4.2,52.9,1.319,0.51
PHX,Ryan Dunn,F,74,44,19.1,6.9,1.2,2.4,3.6,0.8,0.6,0.5,0.5,2.2,1.4,2.8,6.4,43.0,1.1,3.6,31.1,0.3,0.5,48.7,1.7,2.9,57.7,1.071,0.52
PHX,Bol Bol,C,36,10,12.4,6.8,0.6,2.3,2.9,0.6,0.3,0.7,0.6,0.6,1.1,2.7,5.1,52.5,0.9,2.6,34.4,0.6,0.7,76.9,1.8,2.5,71.1,1.333,0.61
PHX,Josh Okogie,SF,25,1,14.0,6.0,1.3,1.6,2.9,0.6,0.8,0.4,0.6,1.1,0.9,2.2,4.6,49.1,0.6,1.7,38.1,0.9,1.3,68.8,1.6,2.9,55.6,1.316,0.56
PHX,Collin Gillespie,G,33,9,14.0,5.9,0.7,1.7,2.4,2.4,0.6,0.2,0.5,0.9,4.6,2.1,4.8,43.0,1.2,2.7,43.3,0.6,0.7,86.4,0.9,2.1,42.6,1.228,0.55
PHX,Monte Morris,PG,45,0,12.7,5.2,0.3,1.2,1.5,1.6,0.4,0.1,0.5,0.5,3.5,1.8,4.3,42.6,0.7,1.9,36.0,0.8,0.9,85.7,1.2,2.4,47.7,1.195,0.51
PHX,Mason Plumlee,C,74,21,17.6,4.5,1.6,4.6,6.1,1.8,0.4,0.6,0.8,2.1,2.3,1.7,2.7,61.9,0.0,0.1,0.0,1.1,1.7,64.8,1.7,2.7,63.1,1.649,0.62
PHX,Oso Ighodaro,C,61,6,17.1,4.2,1.1,2.6,3.6,1.2,0.5,0.5,0.6,1.7,1.8,1.9,3.1,60.4,0.0,0.0,0.0,0.5,0.8,58.0,1.9,3.0,61.1,1.364,0.60
PHX,Cody Martin,SF,14,0,14.7,3.7,0.9,2.5,3.4,1.1,0.9,0.4,0.6,1.6,1.8,1.4,4.1,35.1,0.2,1.9,11.1,0.6,0.9,75.0,1.2,2.1,56.7,0.912,0.38
PHX,Damion Lee,SG,25,0,5.8,3.3,0.1,0.7,0.8,0.4,0.2,0.0,0.4,0.2,1.1,1.1,3.0,36.5,0.4,1.5,24.3,0.8,0.8,95.2,0.7,1.5,48.6,1.122,0.43
PHX,TyTy Washington Jr.,G,16,0,7.4,2.2,0.3,0.6,0.8,1.0,0.2,0.0,0.2,0.3,5.3,0.9,2.8,31.1,0.3,1.3,19.0,0.2,0.4,50.0,0.6,1.5,41.7,0.778,0.36
PHX,Jalen Bridges,F,8,0,3.8,1.1,0.0,0.5,0.5,0.0,0.0,0.0,0.5,0.0,0.0,0.3,0.9,28.6,0.3,0.9,28.6,0.4,0.5,75.0,0.0,0.0,0.0,1.286,0.43
PHX,Vasilije Micic,G,5,0,4.2,0.0,0.0,0.4,0.4,0.2,0.0,0.0,0.6,0.2,0.3,0.0,0.0,0.0,0.0,0.0,0.0,0.0,0.0,0.0,0.0,0.0,0.0,0.000,0.00
POR,Anfernee Simons,SG,70,70,32.7,19.3,0.4,2.3,2.7,4.8,0.9,0.1,2.0,1.7,2.4,6.8,16.1,42.6,3.1,8.5,36.3,2.5,2.8,90.2,3.8,7.6,49.6,1.198,0.52
POR,Shaedon Sharpe,SG,72,52,31.3,18.5,0.9,3.6,4.5,2.8,0.9,0.2,2.1,1.7,1.3,6.9,15.3,45.2,2.0,6.6,31.1,2.6,3.4,78.5,4.9,8.8,55.7,1.209,0.52
POR,Deni Avdija,SF,72,54,30.0,16.9,1.5,5.7,7.3,3.9,1.0,0.5,2.7,2.4,1.4,5.6,11.7,47.6,1.7,4.8,36.5,4.0,5.2,78.0,3.8,7.0,55.2,1.444,0.55
POR,Jerami Grant,SF,47,47,32.4,14.4,0.6,2.9,3.5,2.1,0.9,1.0,1.4,2.3,1.6,4.6,12.2,37.3,2.3,6.3,36.5,3.0,3.5,84.9,2.3,5.9,38.1,1.179,0.47
POR,Deandre Ayton,C,40,40,30.2,14.4,3.1,7.1,10.2,1.6,0.8,1.0,1.7,2.2,0.9,6.6,11.7,56.6,0.2,0.8,18.8,1.0,1.5,66.7,6.5,10.9,59.4,1.231,0.57
POR,Scoot Henderson,G,66,10,26.7,12.7,0.8,2.2,3.0,5.1,1.0,0.2,2.7,2.7,1.9,4.3,10.4,41.9,1.6,4.5,35.4,2.4,3.1,76.7,2.8,5.9,46.9,1.222,0.50
POR,Toumani Camara,F,78,78,32.7,11.3,2.2,3.6,5.8,2.2,1.5,0.6,1.4,2.9,1.6,4.2,9.2,45.8,1.7,4.6,37.5,1.2,1.6,72.2,2.5,4.6,54.2,1.232,0.55
POR,Dalano Banton,G,67,7,16.7,8.3,0.4,1.6,2.0,2.4,0.6,0.5,1.3,0.9,1.9,3.0,7.6,39.1,1.1,3.3,32.4,1.4,1.9,72.8,1.9,4.3,44.2,1.103,0.46
POR,Matisse Thybulle,SG,15,5,20.8,7.5,0.9,2.5,3.5,1.9,2.2,0.6,0.9,0.9,2.2,2.8,5.9,47.7,1.4,3.2,43.8,0.5,1.0,46.7,1.4,2.7,52.5,1.273,0.60
POR,Donovan Clingan,C,67,37,19.8,6.5,3.2,4.6,7.9,1.1,0.5,1.6,1.1,2.8,1.1,2.7,5.0,53.9,0.2,0.7,28.6,0.9,1.6,59.6,2.5,4.3,58.2,1.305,0.56
POR,Robert Williams III,C,20,3,17.6,5.8,1.8,4.2,5.9,1.1,0.7,1.7,0.9,1.6,1.2,2.5,3.9,64.1,0.1,0.2,33.3,0.8,0.9,88.2,2.5,3.8,65.3,1.487,0.65
POR,Jabari Walker,F,60,1,12.5,5.2,1.0,2.5,3.5,0.6,0.6,0.1,0.6,1.5,1.1,2.0,3.8,51.5,0.5,1.2,38.9,0.8,1.2,69.0,1.5,2.6,57.3,1.367,0.58
POR,Duop Reath,C,46,0,10.2,4.2,1.0,1.0,2.0,0.6,0.3,0.3,0.3,0.9,1.6,1.5,3.6,42.2,0.7,2.3,32.1,0.4,0.5,90.9,0.8,1.3,60.0,1.169,0.52
POR,Kris Murray,F,69,6,15.1,4.2,1.1,1.5,2.6,1.0,0.5,0.2,0.6,1.0,1.6,1.7,4.0,41.9,0.4,1.7,22.5,0.4,0.8,45.6,1.3,2.3,56.6,1.029,0.47
POR,Taze Moore,G,2,0,10.0,3.0,2.0,2.0,4.0,0.5,1.0,0.0,1.0,0.0,0.5,1.0,5.0,20.0,0.5,2.0,25.0,0.5,1.0,50.0,0.5,3.0,16.7,0.600,0.25
POR,Rayan Rupert,G,52,0,8.8,3.0,0.5,0.8,1.3,0.5,0.3,0.1,0.6,0.7,0.8,1.1,2.7,40.8,0.3,1.1,27.1,0.4,0.6,76.7,0.8,1.6,50.6,1.092,0.46
POR,Sidy Cissoko,G,5,0,12.0,2.0,1.0,1.2,2.2,1.8,0.2,0.2,1.8,0.8,1.0,0.8,2.4,33.3,0.0,1.2,0.0,0.4,0.6,66.7,0.8,1.2,66.7,0.833,0.33
POR,Bryce McGowens,G,13,0,2.5,1.0,0.2,0.1,0.2,0.2,0.1,0.0,0.3,0.2,0.5,0.3,1.1,28.6,0.0,0.3,0.0,0.4,0.5,83.3,0.3,0.8,40.0,0.929,0.29
POR,Justin Minaya,F,19,0,5.3,0.9,0.3,0.3,0.5,0.4,0.3,0.1,0.3,0.6,1.4,0.4,1.1,38.1,0.1,0.5,20.0,0.0,0.1,0.0,0.3,0.6,54.5,0.857,0.43
SAC,De'Aaron Fox,PG,45,45,37.0,25.0,1.0,4.0,5.0,6.1,1.5,0.4,3.0,2.6,2.1,9.2,19.6,46.9,2.0,6.4,32.2,4.5,5.5,82.9,7.2,13.3,53.9,1.273,0.52
SAC,Zach LaVine,SG,32,32,36.6,22.4,0.3,3.2,3.5,3.8,0.6,0.1,2.7,1.8,1.4,8.2,16.0,51.1,3.2,7.2,44.6,2.8,3.2,87.4,5.0,8.8,56.4,1.398,0.61
SAC,DeMar DeRozan,SF,77,77,35.9,22.2,0.6,3.2,3.9,4.4,0.8,0.4,1.4,1.9,3.3,8.1,17.0,47.7,1.1,3.3,32.8,4.9,5.7,85.7,7.0,13.7,51.3,1.307,0.51
SAC,Domantas Sabonis,PF,70,70,34.7,19.1,3.8,10.1,13.9,6.0,0.7,0.4,2.9,3.3,2.1,7.5,12.8,59.0,0.9,2.2,41.7,3.1,4.1,75.4,6.6,10.5,62.7,1.497,0.63
SAC,Malik Monk,SG,65,45,31.6,17.2,0.5,3.3,3.8,5.6,0.9,0.6,2.4,2.4,2.3,6.3,14.4,43.9,2.1,6.6,32.5,2.4,2.7,86.5,4.2,7.9,53.4,1.190,0.51
SAC,Keegan Murray,SF,76,76,34.3,12.4,1.9,4.8,6.7,1.4,0.8,0.9,0.8,2.4,1.8,4.8,10.8,44.4,2.0,5.9,34.3,0.8,0.9,83.3,2.8,4.9,56.6,1.149,0.54
SAC,Jonas Valanciunas,C,32,9,16.9,8.7,2.2,4.8,7.0,1.8,0.5,0.6,1.0,2.6,1.8,3.6,6.4,55.6,0.0,0.3,10.0,1.6,1.8,84.7,3.5,6.1,57.9,1.361,0.56
SAC,Keon Ellis,G,80,28,24.4,8.3,0.8,1.9,2.7,1.5,1.5,0.8,0.9,2.2,1.7,2.8,5.8,48.9,1.7,4.0,43.3,0.9,1.1,84.9,1.1,1.8,61.5,1.435,0.64
SAC,Kevin Huerter,SG,43,15,20.9,7.9,0.4,2.3,2.8,1.7,0.8,0.4,0.9,1.6,2.0,3.0,7.2,41.3,1.4,4.8,30.2,0.5,0.7,71.4,1.5,2.4,62.9,1.090,0.51
SAC,Trey Lyles,PF,69,5,19.6,6.5,1.2,3.4,4.6,1.2,0.6,0.3,0.6,1.2,2.1,2.3,5.4,42.0,1.2,3.4,34.0,0.8,1.2,70.0,1.1,2.0,55.9,1.206,0.53
SAC,Jake LaRavia,F,19,0,19.3,6.1,1.2,1.6,2.8,1.3,0.9,0.2,0.9,2.1,1.5,2.2,5.1,43.8,1.1,2.7,38.5,0.6,1.0,57.9,1.2,2.3,50.0,1.198,0.54
SAC,Devin Carter,G,36,0,11.0,3.8,0.5,1.6,2.1,1.1,0.6,0.1,0.5,1.1,2.3,1.3,3.5,37.0,0.5,1.7,29.5,0.7,1.2,59.1,0.8,1.8,43.9,1.087,0.44
SAC,Doug McDermott,SF,42,3,8.1,3.5,0.1,0.5,0.5,0.2,0.1,0.0,0.1,0.7,1.2,1.2,2.8,42.7,1.0,2.4,43.6,0.1,0.1,60.0,0.1,0.4,37.5,1.256,0.62
SAC,Isaac Jones,C,40,0,7.6,3.4,0.6,0.9,1.4,0.3,0.1,0.3,0.4,0.8,0.8,1.4,2.1,65.1,0.1,0.2,37.5,0.6,0.9,63.9,1.3,1.9,68.0,1.614,0.67
SAC,Markelle Fultz,PG,21,0,8.8,2.9,0.3,0.7,1.0,1.3,0.5,0.1,0.7,0.6,1.8,1.3,3.2,41.8,0.2,0.4,50.0,0.0,0.0,100.0,1.1,2.8,40.7,0.910,0.45
SAC,Jae Crowder,PF,9,2,11.4,2.6,0.7,1.6,2.2,0.7,0.3,0.0,0.4,1.1,1.5,0.8,2.4,31.8,0.4,1.7,26.7,0.6,0.7,83.3,0.3,0.8,42.9,1.045,0.41
SAC,Mason Jones,G,10,0,4.5,2.3,0.2,0.7,0.9,1.1,0.0,0.1,0.1,0.3,11.0,0.9,1.8,50.0,0.1,0.8,12.5,0.4,0.5,80.0,0.8,1.0,80.0,1.278,0.53
SAC,Orlando Robinson,C,9,0,6.3,2.1,0.3,1.2,1.6,1.0,0.3,0.1,0.4,0.7,2.3,0.8,1.9,41.2,0.1,0.6,20.0,0.4,0.8,57.1,0.7,1.3,50.0,1.118,0.44
SAC,Jordan McLaughlin,PG,28,0,6.8,1.9,0.1,0.6,0.8,0.9,0.4,0.0,0.4,0.5,2.2,0.6,1.6,36.4,0.4,0.9,38.5,0.4,0.6,68.8,0.2,0.6,33.3,1.205,0.48
SAC,Alex Len,C,36,3,7.2,1.4,0.7,1.1,1.8,0.8,0.2,0.5,0.3,1.0,2.7,0.6,1.1,53.7,0.0,0.2,16.7,0.2,0.4,53.8,0.6,1.0,60.0,1.268,0.55
SAC,Skal Labissiere,C,4,0,3.0,1.3,0.3,0.5,0.8,0.3,0.0,0.0,0.0,0.3,0.0,0.5,1.0,50.0,0.3,0.3,100.0,0.0,0.0,0.0,0.3,0.8,33.3,1.250,0.63
SAC,Colby Jones,G,24,0,5.4,1.1,0.3,0.6,1.0,0.3,0.3,0.3,0.3,0.5,1.0,0.5,1.1,42.3,0.2,0.4,40.0,0.0,0.0,0.0,0.3,0.7,43.8,1.000,0.50
SAC,Isaiah Crawford,F,15,0,3.1,0.9,0.1,0.5,0.5,0.1,0.1,0.1,0.1,0.1,1.0,0.3,0.7,45.5,0.1,0.3,20.0,0.1,0.3,50.0,0.3,0.4,66.7,1.182,0.50
SAC,Terence Davis,G,1,0,8.0,0.0,0.0,1.0,1.0,1.0,0.0,0.0,0.0,0.0,0.0,0.0,2.0,0.0,0.0,1.0,0.0,0.0,0.0,0.0,0.0,1.0,0.0,0.000,0.00
SAC,Terry Taylor,F,3,0,2.0,0.0,0.3,0.0,0.3,0.7,0.0,0.0,0.0,0.0,0.0,0.0,0.3,0.0,0.0,0.0,0.0,0.0,0.0,0.0,0.0,0.3,0.0,0.000,0.00
SA,Victor Wembanyama,C,46,46,33.2,24.3,1.8,9.2,11.0,3.7,1.1,3.8,3.2,2.3,1.1,8.9,18.6,47.6,3.1,8.8,35.2,3.4,4.1,83.6,5.8,9.9,58.6,1.302,0.56
SA,De'Aaron Fox,PG,17,17,34.0,19.7,0.5,3.8,4.3,6.8,1.5,0.3,2.4,2.7,2.8,7.4,16.5,44.6,1.5,5.6,27.4,3.5,4.2,81.9,5.8,10.9,53.5,1.196,0.49
SA,Devin Vassell,SG,64,53,31.0,16.3,0.5,3.5,4.0,2.9,1.3,0.5,1.4,1.7,2.1,6.2,13.9,44.3,2.5,6.7,36.8,1.5,1.9,79.2,3.7,7.2,51.3,1.171,0.53
SA,Stephon Castle,G,81,47,26.7,14.7,1.1,2.6,3.7,4.1,0.9,0.3,2.2,2.0,1.9,5.2,12.2,42.8,1.2,4.1,28.5,3.1,4.2,72.4,4.0,8.1,50.1,1.204,0.48
SA,Keldon Johnson,SF,77,0,23.9,12.7,1.5,3.4,4.8,1.6,0.6,0.3,1.0,1.5,1.6,4.8,10.0,48.2,1.1,3.6,31.8,1.9,2.5,77.3,3.7,6.4,57.3,1.271,0.54
SA,Harrison Barnes,SF,82,82,27.2,12.3,1.2,2.6,3.8,1.7,0.5,0.2,0.6,0.9,2.7,4.2,8.3,50.8,1.9,4.4,43.3,2.0,2.4,80.9,2.3,3.9,59.1,1.480,0.62
SA,Jeremy Sochan,F,54,23,25.3,11.4,2.4,4.2,6.5,2.4,0.8,0.5,1.6,2.4,1.5,4.6,8.7,53.5,0.5,1.7,30.8,1.6,2.3,69.6,4.1,7.0,59.0,1.316,0.57
SA,Julian Champagnie,F,82,29,23.6,9.9,0.8,3.1,3.9,1.4,0.7,0.4,0.9,1.4,1.5,3.4,8.1,41.5,2.2,5.9,37.1,1.0,1.1,90.4,1.2,2.3,53.0,1.226,0.55
SA,Chris Paul,PG,82,82,28.0,8.8,0.4,3.2,3.6,7.4,1.3,0.3,1.6,1.8,4.7,3.0,7.1,42.7,1.7,4.5,37.7,1.0,1.1,92.4,1.3,2.6,51.4,1.240,0.55
SA,Sandro Mamukelashvili,PF,61,0,11.2,6.3,1.0,2.0,3.1,0.8,0.3,0.3,0.4,1.0,1.8,2.3,4.6,50.2,1.0,2.6,37.3,0.7,1.0,74.1,1.3,2.0,67.5,1.370,0.61
SA,Bismack Biyombo,C,28,26,18.8,5.1,1.5,4.1,5.6,1.1,0.6,0.8,1.0,1.9,1.1,2.4,4.1,58.8,0.0,0.0,0.0,0.4,0.9,40.0,2.4,4.1,58.8,1.263,0.59
SA,Malaki Branham,G,47,0,9.1,5.0,0.1,0.9,1.1,0.8,0.2,0.0,0.7,0.6,1.1,1.9,4.0,45.8,0.7,1.8,40.5,0.6,0.7,81.8,1.1,2.3,50.0,1.237,0.55
SA,Zach Collins,PF,36,4,11.8,4.6,1.1,1.8,2.8,1.4,0.4,0.4,0.6,1.9,2.3,1.7,3.7,46.2,0.4,1.3,30.4,0.9,1.0,88.6,1.3,2.4,54.7,1.265,0.52
SA,Tre Jones,PG,28,0,16.1,4.4,0.5,1.5,2.1,3.7,0.6,0.2,0.8,1.2,5.0,1.6,3.3,48.4,0.3,0.9,30.8,0.9,1.2,75.8,1.3,2.4,55.2,1.323,0.53
SA,Charles Bassey,C,36,1,10.4,4.4,1.6,2.7,4.2,0.5,0.4,0.8,0.6,1.4,0.7,1.9,3.3,58.1,0.0,0.0,0.0,0.6,0.9,63.6,1.9,3.3,58.1,1.342,0.58
SA,Blake Wesley,G,58,0,11.8,3.7,0.3,0.8,1.1,2.0,0.6,0.1,0.9,0.8,2.1,1.4,3.2,43.5,0.3,1.0,29.3,0.7,1.1,62.3,1.1,2.2,50.0,1.167,0.48
SA,David Duke Jr.,G,6,0,5.7,2.7,0.2,0.7,0.8,0.7,0.2,0.0,0.3,0.2,2.0,1.0,2.3,42.9,0.5,1.0,50.0,0.2,0.3,50.0,0.5,1.3,37.5,1.143,0.54
SA,Jordan McLaughlin,PG,18,0,6.9,2.5,0.1,0.4,0.5,1.5,0.3,0.1,0.3,0.3,5.4,0.8,1.6,53.6,0.5,1.1,45.0,0.3,0.3,100.0,0.3,0.4,75.0,1.607,0.70
SA,Sidy Cissoko,G,17,0,3.2,1.3,0.2,0.4,0.6,0.4,0.1,0.0,0.1,0.4,3.0,0.5,1.1,50.0,0.2,0.4,42.9,0.1,0.4,16.7,0.4,0.6,54.5,1.222,0.58
SA,Harrison Ingram,F,5,0,7.0,0.8,0.4,1.4,1.8,0.6,0.6,0.0,0.2,0.4,3.0,0.4,0.8,50.0,0.0,0.2,0.0,0.0,0.0,0.0,0.4,0.6,66.7,1.000,0.50
SA,Riley Minix,F,1,0,7.0,0.0,0.0,2.0,2.0,0.0,0.0,0.0,0.0,0.0,0.0,0.0,1.0,0.0,0.0,1.0,0.0,0.0,0.0,0.0,0.0,0.0,0.0,0.000,0.00
TOR,RJ Barrett,SG,58,58,32.2,21.1,1.1,5.3,6.3,5.4,0.8,0.3,2.8,2.4,1.9,7.9,16.9,46.8,1.8,5.3,35.0,3.4,5.4,63.0,6.1,11.7,52.2,1.245,0.52
TOR,Scottie Barnes,SF,65,65,32.8,19.3,1.7,6.0,7.7,5.8,1.4,1.0,2.8,1.7,2.0,7.3,16.4,44.6,1.2,4.3,27.1,3.5,4.6,75.5,6.1,12.0,50.8,1.178,0.48
TOR,Immanuel Quickley,SG,33,33,27.8,17.1,0.5,3.1,3.5,5.8,0.7,0.1,1.8,1.8,3.3,5.6,13.3,42.0,2.6,6.8,37.8,3.4,3.9,86.7,3.0,6.5,46.5,1.288,0.52
TOR,Jakob Poeltl,C,57,56,29.6,14.5,3.3,6.3,9.6,2.8,1.2,1.2,1.9,3.1,1.4,6.4,10.2,62.7,0.0,0.1,33.3,1.7,2.5,67.4,6.4,10.1,62.8,1.423,0.63
TOR,Gradey Dick,G,54,54,29.4,14.4,0.8,2.8,3.6,1.8,0.9,0.2,1.5,2.2,1.2,4.9,12.0,41.0,2.1,6.0,35.0,2.5,2.9,85.8,2.8,5.9,47.0,1.201,0.50
TOR,Jared Rhoden,G,10,2,21.5,11.4,1.2,2.6,3.8,1.4,0.9,0.2,0.8,1.9,1.8,4.0,7.9,50.6,1.2,3.7,32.4,2.2,2.5,88.0,2.8,4.2,66.7,1.443,0.58
TOR,Ochai Agbaji,G,64,45,27.2,10.4,1.0,2.8,3.8,1.5,0.9,0.5,0.8,2.0,1.8,4.2,8.3,49.8,1.6,4.0,39.9,0.5,0.8,70.8,2.6,4.4,58.7,1.249,0.59
TOR,Chris Boucher,PF,50,0,17.2,10.0,1.4,3.1,4.5,0.7,0.5,0.5,0.6,1.4,1.1,3.6,7.4,49.2,1.4,3.9,36.3,1.4,1.7,78.2,2.2,3.5,63.3,1.357,0.59
TOR,A.J. Lawson,G,26,2,18.7,9.1,0.8,2.5,3.3,1.2,0.5,0.2,0.6,1.7,2.1,3.1,7.3,42.1,1.3,3.9,32.7,1.7,2.4,68.3,1.8,3.4,52.8,1.242,0.51
TOR,Ja'Kobe Walter,G,52,18,21.2,8.6,1.1,1.9,3.1,1.6,0.8,0.2,1.0,1.8,1.6,3.1,7.6,40.5,1.3,3.6,34.9,1.3,1.6,79.5,1.8,4.0,45.4,1.142,0.49
TOR,Bruce Brown,SF,18,0,19.6,8.4,0.9,2.8,3.8,1.6,0.9,0.2,1.1,1.4,1.5,3.2,7.3,43.5,0.6,2.0,30.6,1.4,1.6,89.7,2.6,5.3,48.4,1.153,0.48
TOR,Orlando Robinson,C,35,8,20.4,8.1,2.5,3.4,5.9,1.9,0.4,0.4,1.3,2.7,1.5,3.1,7.0,44.7,0.5,1.3,34.0,1.4,1.8,79.4,2.7,5.6,47.2,1.164,0.48
TOR,Cole Swider,F,8,0,19.5,7.4,0.6,2.5,3.1,0.3,0.5,0.3,0.5,1.4,0.5,2.8,7.3,37.9,1.9,5.3,35.7,0.0,0.1,0.0,0.9,2.0,43.8,1.017,0.51
TOR,Colin Castleton,C,11,4,26.2,7.2,3.1,3.8,6.9,1.6,0.5,0.7,1.9,2.9,0.9,2.9,5.8,50.0,0.2,0.7,25.0,1.2,1.6,72.2,2.7,5.1,53.6,1.234,0.52
TOR,Kelly Olynyk,PF,24,2,16.0,7.1,1.0,2.7,3.7,2.3,0.7,0.3,1.5,2.5,1.6,2.5,4.9,50.0,0.8,1.8,44.2,1.4,1.8,79.1,1.7,3.1,53.3,1.449,0.58
TOR,Jamal Shead,G,75,11,19.6,7.1,0.4,1.1,1.5,4.2,0.8,0.1,1.6,2.1,2.7,2.7,6.7,40.5,1.0,3.0,32.3,0.7,0.9,76.8,1.8,3.7,47.0,1.058,0.48
TOR,Jamison Battle,F,59,10,17.7,7.1,0.6,2.1,2.7,0.9,0.3,0.2,0.5,1.6,2.0,2.5,5.9,42.9,1.8,4.4,40.5,0.3,0.3,88.9,0.7,1.5,50.0,1.207,0.58
TOR,Davion Mitchell,PG,44,22,24.5,6.3,0.4,1.6,1.9,4.6,0.7,0.2,1.8,2.6,2.6,2.4,5.5,43.4,1.0,2.7,35.9,0.6,0.8,67.6,1.5,2.9,50.4,1.143,0.52
TOR,Jonathan Mogbo,F,63,18,20.4,6.2,1.7,3.2,4.9,2.3,0.9,0.5,1.1,2.2,2.1,2.5,5.7,43.8,0.3,1.1,24.3,1.0,1.3,73.2,2.2,4.5,48.6,1.093,0.46
TOR,Bruno Fernando,F,17,2,8.6,3.4,1.2,1.8,3.0,1.1,0.2,0.5,0.8,1.6,1.3,1.5,2.9,53.1,0.0,0.0,0.0,0.4,0.5,75.0,1.5,2.9,53.1,1.184,0.53
TOR,Garrett Temple,SF,28,0,8.1,1.9,0.3,0.7,1.0,1.1,0.6,0.1,0.4,0.8,3.1,0.6,2.1,30.0,0.2,1.0,21.4,0.4,0.4,91.7,0.4,1.1,37.5,0.883,0.35
TOR,D.J. Carton,G,4,0,8.3,0.8,0.0,1.0,1.0,0.8,0.5,0.0,1.0,0.3,0.8,0.3,1.8,14.3,0.0,0.8,0.0,0.3,0.3,100.0,0.3,1.0,25.0,0.429,0.14
TOR,Ulrich Chomche,C,7,0,4.6,0.7,0.6,0.6,1.1,0.3,0.0,0.1,0.3,0.7,1.0,0.3,0.7,40.0,0.0,0.0,0.0,0.1,0.3,50.0,0.3,0.7,40.0,1.000,0.40
UTAH,Lauri Markkanen,PF,47,47,31.4,19.0,1.5,4.4,5.9,1.5,0.7,0.4,1.4,1.7,1.1,6.3,14.9,42.3,2.9,8.5,34.6,3.4,3.9,87.6,3.4,6.4,52.5,1.274,0.52
UTAH,John Collins,PF,40,31,30.5,19.0,2.2,6.0,8.2,2.0,1.0,1.0,2.6,2.9,0.8,7.0,13.3,52.7,1.5,3.7,39.9,3.5,4.1,84.8,5.5,9.6,57.7,1.427,0.58
UTAH,Collin Sexton,PG,63,61,27.9,18.4,1.0,1.8,2.7,4.2,0.7,0.1,2.5,2.3,1.7,6.6,13.8,48.0,1.7,4.3,40.6,3.4,4.0,86.5,4.9,9.5,51.3,1.337,0.54
UTAH,Keyonte George,G,67,35,31.5,16.8,0.4,3.4,3.8,5.6,0.7,0.1,2.7,1.7,2.1,5.4,13.7,39.1,2.6,7.6,34.3,3.5,4.3,81.8,2.8,6.1,44.9,1.224,0.49
UTAH,Jordan Clarkson,PG,37,9,26.0,16.2,0.7,2.5,3.2,3.7,0.8,0.2,2.3,1.4,1.6,5.4,13.3,40.8,2.3,6.3,36.2,3.1,3.9,79.7,3.2,7.1,44.8,1.217,0.49
UTAH,Walker Kessler,C,58,58,30.0,11.1,4.6,7.6,12.2,1.7,0.6,2.4,1.5,2.2,1.1,4.8,7.2,66.3,0.1,0.6,17.6,1.4,2.6,52.0,4.7,6.6,70.6,1.530,0.67
UTAH,Brice Sensabaugh,F,71,15,20.2,10.9,0.6,2.4,3.0,1.5,0.6,0.1,1.5,1.6,1.0,3.9,8.4,45.9,2.2,5.2,42.2,0.9,1.0,89.0,1.7,3.2,52.0,1.289,0.59
UTAH,Kyle Filipowski,F,72,27,21.1,9.6,1.6,4.6,6.1,1.9,0.7,0.3,1.4,2.4,1.4,3.6,7.2,50.2,1.1,3.1,35.0,1.3,2.0,65.0,2.5,4.1,61.4,1.332,0.58
UTAH,Johnny Juzang,G,64,18,19.8,8.9,0.7,2.2,2.9,1.1,0.6,0.1,0.6,2.0,1.9,3.2,7.4,42.9,1.8,4.9,37.6,0.7,0.8,84.9,1.3,2.5,53.4,1.202,0.55
UTAH,Svi Mykhailiuk,SG,38,13,20.0,8.8,0.6,1.8,2.4,2.0,0.5,0.2,1.4,1.1,1.5,3.1,7.9,39.1,1.8,5.3,34.5,0.7,0.9,80.0,1.3,2.6,48.5,1.106,0.51
UTAH,Isaiah Collier,G,71,46,25.9,8.7,0.5,2.9,3.3,6.3,0.9,0.2,2.9,2.1,2.1,3.3,7.8,42.2,0.6,2.4,24.9,1.5,2.2,68.2,2.7,5.4,49.7,1.108,0.46
UTAH,Oscar Tshiebwe,C,14,1,18.2,7.6,3.3,5.4,8.7,0.6,0.9,0.1,0.7,1.7,0.9,3.0,5.0,60.0,0.0,0.0,0.0,1.6,2.2,74.2,3.0,5.0,60.0,1.529,0.60
UTAH,KJ Martin,F,19,9,22.7,6.3,0.5,2.3,2.8,1.5,0.3,0.3,0.6,2.1,2.4,2.6,5.4,49.0,0.4,1.9,18.9,0.7,0.9,72.2,2.3,3.4,66.2,1.176,0.52
UTAH,Drew Eubanks,PF,37,4,15.4,5.8,1.1,3.5,4.5,1.2,0.3,0.9,0.8,1.2,1.5,2.4,3.9,60.7,0.1,0.1,60.0,1.0,1.5,63.2,2.3,3.8,60.7,1.483,0.62
UTAH,Taylor Hendricks,F,3,3,25.0,4.7,1.7,3.3,5.0,0.7,1.7,1.3,0.7,2.7,1.0,1.3,6.0,22.2,1.0,4.0,25.0,1.0,1.3,75.0,0.3,2.0,16.7,0.778,0.31
UTAH,Cody Williams,F,50,21,21.2,4.6,0.5,1.7,2.3,1.2,0.5,0.3,0.9,1.9,1.3,1.7,5.1,32.3,0.7,2.7,25.9,0.6,0.8,72.5,1.0,2.4,39.3,0.895,0.39
UTAH,Patty Mills,PG,17,0,15.3,4.4,0.2,1.1,1.2,1.2,0.7,0.2,0.9,0.7,1.3,1.5,4.5,34.2,1.0,3.4,29.8,0.3,0.3,100.0,0.5,1.1,47.4,0.974,0.45
UTAH,Micah Potter,C,38,10,18.6,4.3,1.1,3.2,4.3,0.8,0.4,0.4,0.8,1.3,1.0,1.5,3.6,42.2,0.8,2.6,31.6,0.4,0.5,85.0,0.7,1.0,70.3,1.200,0.54
UTAH,Jaden Springer,G,17,2,13.2,3.8,0.8,1.2,2.0,1.4,0.7,0.2,0.7,1.5,1.9,1.4,3.3,41.1,0.4,1.7,20.7,0.7,1.0,70.6,1.0,1.6,63.0,1.143,0.46
UTAH,Elijah Harkless,G,10,0,13.8,3.2,0.9,1.2,2.1,0.8,1.0,0.1,0.3,1.8,2.7,1.1,3.5,31.4,0.7,2.5,28.0,0.3,0.6,50.0,0.4,1.0,40.0,0.914,0.41
WSH,Jordan Poole,SG,68,68,29.4,20.5,0.5,2.5,3.0,4.5,1.3,0.4,3.0,3.0,1.5,6.7,15.5,43.2,3.5,9.1,37.8,3.6,4.0,88.3,3.3,6.4,51.0,1.316,0.54
WSH,Kyle Kuzma,SF,32,30,27.7,15.2,0.8,4.9,5.8,2.5,0.6,0.2,2.3,1.6,1.1,6.0,14.2,42.0,1.4,5.0,28.1,1.8,3.1,60.2,4.6,9.2,49.5,1.068,0.47
WSH,Alex Sarr,PF,67,67,27.1,13.0,1.9,4.6,6.5,2.4,0.7,1.5,1.7,2.2,1.4,4.9,12.4,39.4,1.6,5.1,30.8,1.7,2.5,67.9,3.3,7.3,45.4,1.050,0.46
WSH,Malcolm Brogdon,PG,24,13,23.5,12.7,0.9,2.9,3.8,4.1,0.5,0.2,1.6,1.3,2.6,4.3,10.0,43.3,0.7,2.3,28.6,3.4,3.8,88.0,3.7,7.7,47.8,1.271,0.47
WSH,Bilal Coulibaly,SG,59,59,33.0,12.3,1.5,3.4,5.0,3.4,1.3,0.7,2.1,2.4,1.6,4.5,10.6,42.1,1.1,3.8,28.1,2.3,3.1,74.6,3.4,6.8,50.0,1.165,0.47
WSH,Corey Kispert,SF,61,0,26.3,11.6,0.6,2.4,3.0,1.7,0.4,0.2,1.0,1.6,1.6,4.2,9.3,45.1,2.0,5.4,36.4,1.2,1.4,85.2,2.2,3.9,57.4,1.248,0.56
WSH,Jonas Valanciunas,C,49,12,20.0,11.5,2.4,5.8,8.2,2.2,0.4,0.6,1.8,2.0,1.2,4.7,8.6,54.7,0.1,0.6,25.9,1.9,2.2,89.6,4.6,8.1,56.7,1.336,0.56
WSH,Khris Middleton,SF,14,14,22.1,10.7,0.6,3.1,3.7,3.4,1.3,0.2,1.4,1.6,2.5,3.7,9.0,41.3,0.9,3.4,27.7,2.4,2.7,86.8,2.8,5.6,49.4,1.190,0.46
WSH,Bub Carrington,G,82,57,30.0,9.8,0.4,3.8,4.2,4.4,0.7,0.3,1.7,2.3,2.6,3.7,9.1,40.1,1.7,5.0,33.9,0.8,1.0,81.2,2.0,4.2,47.5,1.079,0.49
WSH,Tristan Vukcevic,PF,35,1,14.7,9.4,0.7,3.0,3.7,1.1,0.3,0.7,1.2,1.6,0.9,3.4,6.9,49.6,1.1,2.9,37.3,1.5,1.9,77.6,2.3,4.0,58.6,1.364,0.57
WSH,Marcus Smart,PG,15,1,18.7,9.3,0.3,1.7,1.9,2.5,1.1,0.2,1.3,1.5,2.0,3.2,7.3,44.0,1.3,3.4,39.2,1.6,2.3,68.6,1.9,3.9,48.3,1.284,0.53
WSH,AJ Johnson,G,22,11,27.0,9.1,0.4,2.0,2.4,3.1,0.5,0.1,1.4,2.3,2.2,3.4,8.8,38.1,1.0,3.9,24.7,1.4,1.6,88.6,2.4,5.0,48.6,1.031,0.44
WSH,Justin Champagnie,SF,62,31,21.6,8.8,1.8,3.9,5.7,1.0,1.0,0.6,0.9,1.8,1.1,3.4,6.6,51.1,1.2,3.1,38.3,0.8,1.2,68.5,2.2,3.5,62.4,1.324,0.60
WSH,Colby Jones,G,15,0,25.7,8.7,0.9,3.4,4.3,2.5,1.3,0.4,1.1,1.6,2.3,3.2,6.9,46.6,0.8,2.6,30.8,1.5,2.3,65.7,2.4,4.3,56.3,1.272,0.52
WSH,Kyshawn George,F,68,38,26.5,8.7,0.7,3.5,4.2,2.5,1.0,0.7,1.4,3.0,1.7,3.0,8.0,37.2,1.7,5.2,32.2,1.0,1.4,75.3,1.3,2.8,46.4,1.081,0.48
WSH,Richaun Holmes,F,31,7,17.2,7.4,2.0,3.7,5.7,1.4,0.3,0.7,0.7,1.6,2.0,2.9,4.5,64.7,0.0,0.1,0.0,1.6,1.9,83.3,2.9,4.4,66.2,1.655,0.65
WSH,Jared Butler,SG,32,0,11.3,6.9,0.4,0.8,1.3,2.6,0.4,0.2,0.9,1.3,2.8,2.7,5.5,48.3,0.5,1.3,36.6,1.1,1.4,77.8,2.2,4.2,51.9,1.250,0.53
WSH,Jaylen Martin,G,13,0,18.0,5.8,0.8,2.5,3.4,1.3,0.7,0.0,0.9,1.0,1.4,2.3,5.5,41.7,0.5,1.7,27.3,0.7,0.8,90.0,1.8,3.8,48.0,1.042,0.46
WSH,Marvin Bagley III,PF,19,1,8.7,4.9,1.4,1.5,2.9,0.4,0.4,0.3,0.6,0.6,0.6,2.0,3.7,53.5,0.1,0.5,20.0,0.8,1.2,65.2,1.9,3.2,59.0,1.310,0.55
WSH,JT Thor,F,11,0,18.8,3.9,1.5,2.3,3.8,0.5,0.5,0.5,0.3,1.0,1.7,1.5,4.0,36.4,0.3,1.4,20.0,0.7,1.3,57.1,1.2,2.6,44.8,0.977,0.40
WSH,Anthony Gill,PF,51,0,7.8,2.5,0.4,0.9,1.3,0.3,0.2,0.0,0.2,0.6,1.6,0.8,1.7,48.9,0.2,0.6,32.3,0.6,1.0,66.0,0.6,1.1,57.9,1.466,0.55
WSH,Johnny Davis,G,34,0,7.1,2.4,0.3,0.8,1.1,0.3,0.4,0.2,0.2,0.5,1.6,0.9,2.3,41.0,0.2,0.9,24.1,0.3,0.4,60.0,0.7,1.4,51.0,1.026,0.46
WSH,Patrick Baldwin Jr.,F,22,0,4.6,2.1,0.2,0.8,1.0,0.1,0.1,0.1,0.2,0.2,0.4,0.8,1.5,51.5,0.5,1.0,52.4,0.1,0.2,50.0,0.3,0.5,50.0,1.424,0.68
WSH,Jalen McDaniels,F,4,0,1.8,0.0,0.0,0.0,0.0,0.3,0.3,0.0,0.0,0.0,0.0,0.0,0.0,0.0,0.0,0.0,0.0,0.0,0.0,0.0,0.0,0.0,0.0,0.000,0.00
